Date,0-9,,Oct-19,,20-29,,30-39,,40-49,,50-59,,60-69,,70-79,,80-89,,90+,
20-May-21,0,,0,,1,,2,,2,,15,,38,,158,,379,,315,
21-May-21,0,0,0,0,1,0,2,0,2,0,15,0,38,0,158,0,379,0,315,0
22-May-21,0,0,0,0,1,0,2,0,2,0,15,0,38,0,158,0,379,0,315,0
23-May-21,0,0,0,0,1,0,2,0,2,0,15,0,38,0,158,0,379,0,315,0
24-May-21,0,0,0,0,1,0,2,0,2,0,15,0,38,0,158,0,379,0,315,0
25-May-21,0,0,0,0,1,0,2,0,2,0,15,0,38,0,158,0,379,0,315,0
26-May-21,0,0,0,0,1,0,2,0,2,0,15,0,38,0,158,0,379,0,315,0
27-May-21,0,0,0,0,1,0,2,0,2,0,15,0,38,0,158,0,379,0,315,0
28-May-21,0,0,0,0,1,0,2,0,2,0,15,0,38,0,158,0,379,0,315,0
29-May-21,0,0,0,0,1,0,2,0,2,0,15,0,38,0,158,0,379,0,315,0
30-May-21,0,0,0,0,1,0,2,0,2,0,15,0,38,0,158,0,379,0,315,0
31-May-21,0,0,0,0,1,0,2,0,2,0,15,0,38,0,158,0,379,0,315,0
1-Jun-21,0,0,0,0,1,0,2,0,2,0,15,0,38,0,158,0,379,0,315,0
2-Jun-21,0,0,0,0,1,0,2,0,2,0,15,0,38,0,158,0,379,0,315,0
3-Jun-21,0,0,0,0,1,0,2,0,2,0,15,0,38,0,158,0,379,0,315,0
4-Jun-21,0,0,0,0,1,0,2,0,2,0,15,0,38,0,158,0,379,0,315,0
5-Jun-21,0,0,0,0,1,0,2,0,2,0,15,0,38,0,158,0,379,0,315,0
6-Jun-21,0,0,0,0,1,0,2,0,2,0,15,0,38,0,158,0,379,0,315,0
7-Jun-21,0,0,0,0,1,0,2,0,2,0,15,0,38,0,158,0,379,0,315,0
8-Jun-21,0,0,0,0,1,0,2,0,2,0,15,0,38,0,157,-1,380,1,315,0
9-Jun-21,0,0,0,0,1,0,2,0,2,0,15,0,38,0,157,0,380,0,315,0
10-Jun-21,0,0,0,0,1,0,2,0,2,0,15,0,38,0,157,0,380,0,315,0
11-Jun-21,0,0,0,0,1,0,2,0,2,0,15,0,38,0,157,0,380,0,315,0
12-Jun-21,0,0,0,0,1,0,2,0,2,0,15,0,38,0,157,0,380,0,315,0
13-Jun-21,0,0,0,0,1,0,2,0,2,0,15,0,38,0,157,0,380,0,315,0
14-Jun-21,0,0,0,0,1,0,2,0,2,0,15,0,38,0,157,0,380,0,315,0
15-Jun-21,0,0,0,0,1,0,2,0,2,0,15,0,38,0,157,0,380,0,315,0
16-Jun-21,0,0,0,0,1,0,2,0,2,0,15,0,38,0,157,0,380,0,315,0
17-Jun-21,0,0,0,0,1,0,2,0,2,0,15,0,38,0,157,0,380,0,315,0
18-Jun-21,0,0,0,0,1,0,2,0,2,0,15,0,38,0,157,0,380,0,315,0
19-Jun-21,0,0,0,0,1,0,2,0,2,0,15,0,38,0,157,0,380,0,315,0
20-Jun-21,0,0,0,0,1,0,2,0,2,0,15,0,38,0,157,0,380,0,315,0
21-Jun-21,0,0,0,0,1,0,2,0,2,0,15,0,38,0,157,0,380,0,315,0
22-Jun-21,0,0,0,0,1,0,2,0,2,0,15,0,38,0,157,0,380,0,315,0
23-Jun-21,0,0,0,0,1,0,2,0,2,0,15,0,38,0,157,0,380,0,315,0
24-Jun-21,0,0,0,0,1,0,2,0,2,0,15,0,38,0,157,0,380,0,315,0
25-Jun-21,0,0,0,0,1,0,2,0,2,0,15,0,38,0,157,0,380,0,315,0
26-Jun-21,0,0,0,0,1,0,2,0,2,0,15,0,38,0,157,0,380,0,315,0
27-Jun-21,0,0,0,0,1,0,2,0,2,0,15,0,38,0,157,0,380,0,315,0
28-Jun-21,0,0,0,0,1,0,2,0,2,0,15,0,38,0,157,0,380,0,315,0
29-Jun-21,0,0,0,0,1,0,2,0,2,0,15,0,38,0,157,0,380,0,315,0
30-Jun-21,0,0,0,0,1,0,2,0,2,0,15,0,38,0,157,0,380,0,315,0
1-Jul-21,0,0,0,0,1,0,2,0,2,0,15,0,38,0,157,0,380,0,315,0
2-Jul-21,0,0,0,0,1,0,2,0,2,0,15,0,38,0,157,0,380,0,315,0
3-Jul-21,0,0,0,0,1,0,2,0,2,0,15,0,38,0,157,0,380,0,315,0
4-Jul-21,0,0,0,0,1,0,2,0,2,0,15,0,38,0,157,0,380,0,315,0
5-Jul-21,0,0,0,0,1,0,2,0,2,0,15,0,38,0,157,0,380,0,315,0
6-Jul-21,0,0,0,0,1,0,2,0,2,0,15,0,38,0,157,0,380,0,315,0
7-Jul-21,0,0,0,0,1,0,2,0,2,0,15,0,38,0,157,0,380,0,315,0
8-Jul-21,0,0,0,0,1,0,2,0,2,0,15,0,38,0,157,0,380,0,315,0
9-Jul-21,0,0,0,0,1,0,2,0,2,0,15,0,38,0,157,0,380,0,315,0
10-Jul-21,0,0,0,0,1,0,2,0,2,0,15,0,38,0,157,0,380,0,315,0
11-Jul-21,0,0,0,0,1,0,2,0,2,0,15,0,38,0,157,0,380,0,315,0
12-Jul-21,0,0,0,0,1,0,2,0,2,0,15,0,38,0,157,0,380,0,316,1
13-Jul-21,0,0,0,0,1,0,2,0,2,0,15,0,38,0,158,1,380,0,316,0
14-Jul-21,0,0,0,0,1,0,2,0,2,0,15,0,38,0,158,0,380,0,316,0
15-Jul-21,0,0,0,0,1,0,2,0,2,0,15,0,38,0,158,0,380,0,316,0
16-Jul-21,0,0,0,0,1,0,2,0,2,0,15,0,38,0,158,0,380,0,316,0
17-Jul-21,0,0,0,0,1,0,2,0,2,0,15,0,38,0,158,0,380,0,316,0
18-Jul-21,0,0,0,0,1,0,2,0,2,0,15,0,38,0,158,0,380,0,316,0
19-Jul-21,0,0,0,0,1,0,2,0,2,0,15,0,38,0,158,0,381,1,317,1
20-Jul-21,0,0,0,0,1,0,2,0,2,0,16,1,38,0,158,0,381,0,317,0
21-Jul-21,0,0,0,0,1,0,2,0,2,0,16,0,38,0,158,0,381,0,317,0
22-Jul-21,0,0,0,0,1,0,2,0,2,0,16,0,38,0,158,0,381,0,317,0
23-Jul-21,0,0,0,0,1,0,2,0,2,0,16,0,38,0,158,0,381,0,317,0
24-Jul-21,0,0,0,0,1,0,2,0,2,0,16,0,38,0,158,0,381,0,317,0
25-Jul-21,0,0,0,0,1,0,2,0,2,0,16,0,38,0,158,0,381,0,317,0
26-Jul-21,0,0,0,0,1,0,3,1,2,0,16,0,38,0,159,1,382,1,317,0
27-Jul-21,0,0,0,0,1,0,3,0,2,0,16,0,38,0,159,0,384,2,317,0
28-Jul-21,0,0,0,0,1,0,3,0,2,0,16,0,38,0,159,0,384,0,318,1
29-Jul-21,0,0,0,0,1,0,3,0,2,0,16,0,38,0,159,0,385,1,319,1
30-Jul-21,0,0,0,0,1,0,3,0,2,0,16,0,38,0,159,0,385,0,319,0
31-Jul-21,0,0,0,0,1,0,3,0,2,0,16,0,38,0,159,0,385,0,319,0
1-Aug-21,0,0,0,0,1,0,3,0,2,0,16,0,38,0,159,0,385,0,319,0
2-Aug-21,0,0,0,0,1,0,3,0,2,0,16,0,39,1,159,0,385,0,320,1
3-Aug-21,0,0,0,0,1,0,3,0,2,0,16,0,39,0,159,0,385,0,320,0
4-Aug-21,0,0,0,0,1,0,3,0,2,0,16,0,39,0,159,0,386,1,320,0
5-Aug-21,0,0,0,0,2,1,3,0,2,0,16,0,40,1,159,0,386,0,320,0
6-Aug-21,0,0,0,0,2,0,3,0,2,0,16,0,40,0,159,0,386,0,320,0
7-Aug-21,0,0,0,0,2,0,3,0,2,0,16,0,40,0,159,0,386,0,320,0
8-Aug-21,0,0,0,0,2,0,3,0,2,0,16,0,40,0,159,0,386,0,320,0
9-Aug-21,0,0,0,0,2,0,3,0,2,0,16,0,40,0,159,0,386,0,320,0
10-Aug-21,0,0,0,0,2,0,3,0,2,0,16,0,40,0,159,0,386,0,320,0
11-Aug-21,0,0,0,0,2,0,3,0,2,0,16,0,40,0,159,0,386,0,320,0
12-Aug-21,0,0,0,0,2,0,3,0,2,0,16,0,40,0,159,0,386,0,320,0
13-Aug-21,0,0,0,0,2,0,4,1,3,1,16,0,44,4,161,2,394,8,325,5
14-Aug-21,0,0,0,0,2,0,4,0,3,0,16,0,44,0,161,0,394,0,325,0
15-Aug-21,0,0,0,0,2,0,4,0,3,0,16,0,44,0,161,0,394,0,325,0
16-Aug-21,0,0,0,0,2,0,4,0,5,2,16,0,44,0,166,5,401,7,326,1
17-Aug-21,0,0,0,0,2,0,5,1,5,0,17,1,44,0,167,1,399,-2,328,2
18-Aug-21,0,0,0,0,2,0,4,-1,5,0,17,0,45,1,169,2,400,1,328,0
19-Aug-21,0,0,1,1,2,0,4,0,5,0,17,0,45,0,169,0,401,1,328,0
20-Aug-21,0,0,1,0,2,0,4,0,5,0,17,0,45,0,169,0,403,2,328,0
21-Aug-21,0,0,1,0,2,0,4,0,5,0,17,0,45,0,169,0,403,0,328,0
22-Aug-21,0,0,1,0,2,0,4,0,5,0,17,0,45,0,169,0,403,0,328,0
23-Aug-21,0,0,1,0,2,0,4,0,5,0,17,0,46,1,171,2,408,5,330,2
24-Aug-21,0,0,1,0,2,0,4,0,5,0,17,0,46,0,171,0,409,1,330,0
25-Aug-21,0,0,1,0,2,0,5,1,5,0,17,0,46,0,171,0,409,0,330,0
26-Aug-21,0,0,1,0,2,0,6,1,5,0,17,0,48,2,171,0,410,1,330,0
27-Aug-21,0,0,1,0,2,0,6,0,5,0,17,0,48,0,172,1,410,0,331,1
28-Aug-21,0,0,1,0,2,0,6,0,5,0,17,0,48,0,172,0,410,0,331,0
29-Aug-21,0,0,1,0,2,0,6,0,5,0,17,0,48,0,172,0,410,0,331,0
30-Aug-21,0,0,1,0,2,0,6,0,5,0,17,0,49,1,177,5,414,4,331,0
31-Aug-21,0,0,1,0,2,0,6,0,5,0,19,2,49,0,177,0,415,1,332,1
1-Sep-21,0,0,1,0,2,0,6,0,6,1,20,1,51,2,178,1,418,3,332,0
2-Sep-21,0,0,1,0,2,0,6,0,6,0,21,1,51,0,180,2,420,2,332,0
3-Sep-21,0,0,1,0,2,0,6,0,6,0,21,0,53,2,187,7,422,2,333,1
4-Sep-21,0,0,1,0,2,0,6,0,6,0,21,0,53,0,187,0,422,0,333,0
5-Sep-21,0,0,1,0,2,0,6,0,6,0,21,0,53,0,187,0,422,0,333,0
6-Sep-21,0,0,1,0,2,0,6,0,6,0,24,3,55,2,188,1,425,3,336,3
7-Sep-21,0,0,1,0,3,1,6,0,6,0,25,1,56,1,192,4,427,2,337,1
8-Sep-21,0,0,1,0,3,0,6,0,7,1,25,0,56,0,195,3,429,2,337,0
9-Sep-21,0,0,1,0,3,0,6,0,8,1,25,0,56,0,197,2,430,1,337,0
10-Sep-21,0,0,1,0,3,0,8,2,10,2,27,2,59,3,200,3,432,2,337,0
11-Sep-21,0,0,1,0,3,0,8,0,10,0,27,0,59,0,200,0,432,0,337,0
12-Sep-21,0,0,1,0,3,0,8,0,10,0,27,0,59,0,200,0,432,0,337,0
13-Sep-21,0,0,1,0,4,1,8,0,11,1,30,3,60,1,202,2,440,8,340,3
14-Sep-21,0,0,1,0,5,1,8,0,11,0,31,1,62,2,203,1,442,2,341,1
15-Sep-21,0,0,1,0,5,0,9,1,12,1,33,2,63,1,206,3,444,2,341,0
16-Sep-21,0,0,1,0,5,0,9,0,13,1,36,3,67,4,208,2,446,2,342,1
17-Sep-21,0,0,1,0,7,2,9,0,14,1,37,1,70,3,212,4,449,3,343,1
18-Sep-21,0,0,1,0,7,0,9,0,14,0,37,0,70,0,212,0,449,0,343,0
19-Sep-21,0,0,1,0,7,0,9,0,14,0,37,0,70,0,212,0,449,0,343,0
20-Sep-21,0,0,1,0,7,0,9,0,15,1,39,2,75,5,219,7,456,7,345,2
21-Sep-21,0,0,1,0,7,0,9,0,15,0,41,2,76,1,223,4,462,6,345,0
22-Sep-21,0,0,1,0,7,0,9,0,15,0,43,2,77,1,224,1,465,3,345,0
23-Sep-21,0,0,1,0,7,0,9,0,15,0,45,2,79,2,226,2,471,6,347,2
24-Sep-21,0,0,1,0,7,0,9,0,16,1,46,1,79,0,227,1,475,4,348,1
25-Sep-21,0,0,1,0,7,0,9,0,16,0,46,0,79,0,227,0,475,0,348,0
26-Sep-21,0,0,1,0,7,0,9,0,16,0,46,0,79,0,227,0,475,0,348,0
27-Sep-21,0,0,1,0,7,0,9,0,18,2,48,2,87,8,236,9,486,11,352,4
28-Sep-21,0,0,1,0,7,0,9,0,19,1,50,2,88,1,239,3,490,4,353,1
29-Sep-21,0,0,1,0,7,0,9,0,21,2,52,2,91,3,242,3,497,7,357,4
30-Sep-21,0,0,1,0,7,0,9,0,21,0,54,2,94,3,248,6,504,7,361,4
1-Oct-21,0,0,1,0,7,0,9,0,21,0,55,1,94,0,252,4,507,3,361,0
2-Oct-21,0,0,1,0,7,0,9,0,21,0,55,0,94,0,252,0,507,0,361,0
3-Oct-21,0,0,1,0,7,0,9,0,21,0,55,0,94,0,252,0,507,0,361,0
4-Oct-21,0,0,1,0,7,0,9,0,21,0,55,0,94,0,252,0,507,0,361,0
5-Oct-21,0,0,1,0,7,0,10,1,22,1,59,4,111,17,262,10,515,8,363,2
6-Oct-21,0,0,1,0,7,0,10,0,22,0,59,0,111,0,262,0,515,0,363,0
7-Oct-21,0,0,1,0,8,1,10,0,23,1,62,3,117,6,279,17,525,10,367,4
8-Oct-21,0,0,1,0,8,0,10,0,23,0,65,3,118,1,284,5,531,6,367,0
9-Oct-21,0,0,1,0,8,0,10,0,23,0,65,0,118,0,284,0,531,0,367,0
10-Oct-21,0,0,1,0,8,0,10,0,23,0,65,0,118,0,284,0,531,0,367,0
11-Oct-21,0,0,1,0,8,0,10,0,26,3,70,5,124,6,297,13,536,5,371,4
12-Oct-21,0,0,1,0,8,0,10,0,27,1,72,2,125,1,300,3,542,6,372,1
13-Oct-21,0,0,1,0,8,0,10,0,27,0,72,0,125,0,300,0,542,0,372,0
14-Oct-21,0,0,1,0,8,0,10,0,27,0,78,6,134,9,313,13,551,9,376,4
15-Oct-21,0,0,4,3,15,7,17,7,51,24,151,73,239,105,487,174,741,190,449,73
16-Oct-21,0,0,4,0,15,0,17,0,51,0,151,0,239,0,487,0,741,0,449,0
17-Oct-21,0,0,4,0,15,0,17,0,51,0,151,0,239,0,487,0,741,0,449,0
18-Oct-21,0,0,6,2,15,0,19,2,51,0,162,11,255,16,501,14,757,16,455,6
19-Oct-21,0,0,6,0,15,0,19,0,51,0,162,0,261,6,511,10,766,9,461,6
20-Oct-21,0,0,2,-4,8,-7,11,-8,28,-23,88,-74,144,-117,328,-183,576,-190,390,-71
21-Oct-21,0,0,2,0,8,0,11,0,29,1,90,2,148,4,331,3,580,4,391,1
22-Oct-21,0,0,2,0,8,0,11,0,29,0,90,0,148,0,331,0,580,0,391,0
23-Oct-21,0,0,2,0,8,0,12,1,29,0,90,0,148,0,333,2,581,1,392,1
24-Oct-21,0,0,2,0,8,0,12,0,29,0,90,0,148,0,333,0,581,0,392,0
25-Oct-21,0,0,2,0,9,1,12,0,31,2,91,1,157,9,348,15,596,15,401,9
26-Oct-21,0,0,2,0,9,0,12,0,31,0,91,0,157,0,348,0,601,5,401,0
27-Oct-21,0,0,2,0,9,0,14,2,32,1,91,0,161,4,350,2,607,6,403,2
28-Oct-21,0,0,2,0,9,0,14,0,33,1,93,2,163,2,356,6,617,10,407,4
29-Oct-21,0,0,2,0,9,0,14,0,35,2,94,1,165,2,357,1,618,1,413,6
30-Oct-21,0,0,2,0,9,0,14,0,35,0,94,0,165,0,357,0,618,0,413,0
31-Oct-21,0,0,2,0,9,0,14,0,35,0,94,0,165,0,357,0,618,0,413,0
1-Nov-21,0,0,2,0,9,0,14,0,35,0,95,1,172,7,370,13,627,9,418,5
2-Nov-21,0,0,2,0,9,0,14,0,35,0,97,2,175,3,372,2,631,4,419,1
3-Nov-21,0,0,2,0,9,0,14,0,35,0,98,1,177,2,377,5,636,5,420,1
4-Nov-21,0,0,2,0,9,0,15,1,35,0,98,0,180,3,377,0,641,5,422,2
5-Nov-21,0,0,2,0,9,0,15,0,36,1,101,3,181,1,378,1,648,7,424,2
6-Nov-21,0,0,2,0,9,0,15,0,36,0,101,0,181,0,378,0,648,0,424,0
7-Nov-21,0,0,2,0,9,0,15,0,36,0,101,0,181,0,378,0,648,0,424,0
8-Nov-21,0,0,2,0,9,0,18,3,36,0,103,2,187,6,388,10,657,9,427,3
9-Nov-21,0,0,2,0,9,0,18,0,36,0,105,2,188,1,390,2,662,5,431,4
10-Nov-21,0,0,2,0,9,0,19,1,37,1,105,0,192,4,395,5,665,3,433,2
11-Nov-21,0,0,2,0,9,0,19,0,37,0,105,0,193,1,397,2,667,2,433,0
12-Nov-21,0,0,2,0,9,0,19,0,37,0,105,0,195,2,401,4,670,3,434,1
13-Nov-21,0,0,2,0,9,0,19,0,37,0,105,0,195,0,401,0,670,0,434,0
14-Nov-21,0,0,2,0,9,0,19,0,37,0,105,0,195,0,401,0,670,0,434,0
15-Nov-21,0,0,2,0,9,0,19,0,38,1,105,0,197,2,406,5,674,4,437,3
16-Nov-21,0,0,2,0,9,0,19,0,38,0,105,0,198,1,411,5,676,2,439,2
17-Nov-21,0,0,2,0,9,0,19,0,38,0,106,1,200,2,412,1,680,4,440,1
18-Nov-21,0,0,2,0,9,0,19,0,40,2,109,3,202,2,413,1,687,7,441,1
19-Nov-21,0,0,2,0,9,0,19,0,41,1,111,2,206,4,414,1,690,3,441,0
20-Nov-21,0,0,2,0,9,0,19,0,41,0,111,0,206,0,414,0,690,0,441,0
21-Nov-21,0,0,2,0,9,0,19,0,41,0,111,0,206,0,414,0,690,0,441,0
22-Nov-21,1,1,2,0,9,0,19,0,42,1,112,1,207,1,417,3,694,4,445,4
23-Nov-21,1,0,2,0,9,0,19,0,42,0,113,1,208,1,425,8,702,8,448,3
24-Nov-21,1,0,2,0,9,0,19,0,42,0,113,0,210,2,426,1,703,1,449,1
25-Nov-21,1,0,2,0,9,0,19,0,42,0,113,0,210,0,428,2,704,1,450,1
26-Nov-21,1,0,2,0,9,0,19,0,41,-1,113,0,210,0,429,1,708,4,453,3
27-Nov-21,1,0,2,0,9,0,19,0,41,0,113,0,210,0,429,0,708,0,453,0
28-Nov-21,1,0,2,0,9,0,19,0,41,0,113,0,210,0,429,0,708,0,453,0
29-Nov-21,1,0,2,0,9,0,19,0,41,0,113,0,211,1,431,2,711,3,454,1
30-Nov-21,1,0,2,0,9,0,19,0,41,0,115,2,212,1,434,3,712,1,455,1
1-Dec-21,1,0,2,0,9,0,19,0,42,1,115,0,213,1,437,3,713,1,455,0
2-Dec-21,1,0,2,0,9,0,19,0,42,0,117,2,214,1,439,2,716,3,457,2
3-Dec-21,1,0,2,0,9,0,19,0,42,0,117,0,216,2,442,3,719,3,460,3
4-Dec-21,1,0,2,0,9,0,19,0,42,0,117,0,216,0,442,0,719,0,460,0
5-Dec-21,1,0,2,0,9,0,19,0,42,0,117,0,216,0,442,0,719,0,460,0
6-Dec-21,1,0,2,0,9,0,19,0,43,1,118,1,217,1,449,7,725,6,468,8
7-Dec-21,1,0,2,0,9,0,19,0,44,1,118,0,217,0,450,1,729,4,470,2
8-Dec-21,1,0,2,0,9,0,19,0,44,0,118,0,217,0,451,1,734,5,471,1
9-Dec-21,1,0,2,0,9,0,20,1,44,0,119,1,218,1,453,2,735,1,475,4
10-Dec-21,1,0,2,0,9,0,20,0,44,0,120,1,217,-1,454,1,735,0,475,0
11-Dec-21,1,0,2,0,9,0,20,0,44,0,120,0,217,0,454,0,735,0,475,0
12-Dec-21,1,0,2,0,9,0,20,0,44,0,120,0,217,0,454,0,735,0,475,0
13-Dec-21,1,0,2,0,9,0,20,0,44,0,121,1,220,3,459,5,743,8,482,7
14-Dec-21,1,0,2,0,9,0,20,0,44,0,122,1,221,1,462,3,745,2,482,0
15-Dec-21,1,0,2,0,9,0,20,0,44,0,122,0,221,0,464,2,745,0,484,2
16-Dec-21,1,0,2,0,9,0,20,0,44,0,122,0,222,1,467,3,747,2,487,3
17-Dec-21,1,0,2,0,9,0,20,0,44,0,122,0,224,2,468,1,750,3,489,2
18-Dec-21,1,0,2,0,9,0,20,0,44,0,122,0,224,0,468,0,750,0,489,0
19-Dec-21,1,0,2,0,9,0,20,0,44,0,122,0,224,0,468,0,750,0,489,0
20-Dec-21,1,0,2,0,9,0,20,0,44,0,123,1,225,1,473,5,756,6,493,4
21-Dec-21,1,0,2,0,9,0,20,0,44,0,124,1,224,-1,475,2,760,4,494,1
22-Dec-21,1,0,2,0,9,0,20,0,44,0,123,-1,225,1,475,0,761,1,496,2
23-Dec-21,1,0,2,0,9,0,20,0,45,1,123,0,229,4,477,2,761,0,501,5
24-Dec-21,1,0,2,0,9,0,20,0,46,1,124,1,229,0,481,4,762,1,503,2
25-Dec-21,1,0,2,0,9,0,20,0,46,0,124,0,229,0,481,0,762,0,503,0
26-Dec-21,1,0,2,0,9,0,20,0,46,0,124,0,229,0,481,0,762,0,503,0
27-Dec-21,1,0,2,0,9,0,20,0,46,0,124,0,229,0,481,0,764,2,504,1
28-Dec-21,1,0,2,0,9,0,20,0,46,0,124,0,229,0,481,0,765,1,505,1
29-Dec-21,1,0,2,0,9,0,20,0,46,0,125,1,229,0,486,5,771,6,509,4
30-Dec-21,1,0,2,0,9,0,20,0,46,0,126,1,231,2,491,5,775,4,511,2
31-Dec-21,1,0,2,0,9,0,20,0,47,1,126,0,232,1,496,5,778,3,513,2
1-Jan-22,1,0,2,0,9,0,20,0,47,0,126,0,232,0,496,0,778,0,513,0
2-Jan-22,1,0,2,0,9,0,20,0,47,0,126,0,232,0,496,0,778,0,513,0
3-Jan-22,1,0,2,0,9,0,20,0,47,0,127,1,236,4,504,8,786,8,517,4
4-Jan-22,1,0,2,0,9,0,20,0,47,0,128,1,236,0,505,1,789,3,518,1
5-Jan-22,1,0,2,0,9,0,20,0,48,1,129,1,237,1,511,6,792,3,522,4
6-Jan-22,1,0,2,0,11,2,20,0,49,1,129,0,240,3,511,0,795,3,526,4
7-Jan-22,1,0,2,0,11,0,20,0,49,0,130,1,242,2,514,3,802,7,530,4
8-Jan-22,1,0,2,0,11,0,20,0,49,0,130,0,242,0,514,0,802,0,530,0
9-Jan-22,1,0,2,0,11,0,20,0,49,0,130,0,242,0,514,0,802,0,530,0
10-Jan-22,2,1,2,0,10,-1,22,2,49,0,132,2,245,3,529,15,813,11,542,12
11-Jan-22,2,0,2,0,10,0,22,0,49,0,132,0,245,0,533,4,821,8,544,2
12-Jan-22,3,1,2,0,10,0,24,2,50,1,135,3,252,7,539,6,825,4,549,5
13-Jan-22,3,0,2,0,10,0,24,0,50,0,136,1,258,6,556,17,848,23,571,22
14-Jan-22,3,0,2,0,10,0,25,1,52,2,137,1,266,8,564,8,869,21,578,7
15-Jan-22,3,0,2,0,10,0,25,0,52,0,137,0,266,0,564,0,869,0,578,0
16-Jan-22,3,0,2,0,10,0,25,0,52,0,137,0,266,0,564,0,869,0,578,0
17-Jan-22,3,0,2,0,12,2,26,1,52,0,142,5,271,5,592,28,916,47,603,25
18-Jan-22,3,0,2,0,12,0,26,0,52,0,142,0,271,0,592,0,916,0,603,0
19-Jan-22,3,0,3,1,12,0,29,3,55,3,147,5,279,8,615,23,956,40,629,26
20-Jan-22,3,0,3,0,12,0,29,0,55,0,154,7,285,6,630,15,988,32,646,17
21-Jan-22,3,0,3,0,12,0,29,0,56,1,158,4,293,8,647,17,"1,012",24,660,14
22-Jan-22,3,0,3,0,12,0,29,0,56,0,158,0,293,0,647,0,"1,012",0,660,0
23-Jan-22,3,0,3,0,12,0,29,0,56,0,158,0,293,0,647,0,"1,012",0,660,0
24-Jan-22,3,0,3,0,12,0,32,3,60,4,168,10,303,10,673,26,"1,086",74,698,38
25-Jan-22,3,0,3,0,12,0,34,2,60,0,169,1,307,4,686,13,"1,114",28,720,22
26-Jan-22,3,0,2,-1,13,1,34,0,60,0,171,2,310,3,690,4,"1,129",15,726,6
27-Jan-22,3,0,2,0,13,0,34,0,62,2,172,1,313,3,706,16,"1,167",38,748,22
28-Jan-22,4,1,2,0,13,0,38,4,63,1,173,1,326,13,725,19,"1,220",53,799,51
29-Jan-22,4,0,2,0,13,0,38,0,63,0,173,0,326,0,725,0,"1,220",0,799,0
30-Jan-22,4,0,2,0,13,0,38,0,63,0,173,0,326,0,725,0,"1,220",0,799,0
31-Jan-22,4,0,2,0,13,0,38,0,65,2,177,4,339,13,775,50,"1,299",79,858,59
1-Feb-22,4,0,2,0,12,-1,41,3,65,0,178,1,342,3,788,13,"1,329",30,880,22
2-Feb-22,4,0,2,0,12,0,41,0,66,1,181,3,348,6,796,8,"1,351",22,900,20
3-Feb-22,5,1,2,0,12,0,41,0,66,0,187,6,353,5,815,19,"1,374",23,919,19
4-Feb-22,5,0,2,0,12,0,41,0,66,0,188,1,359,6,831,16,"1,406",32,936,17
5-Feb-22,5,0,2,0,12,0,41,0,66,0,188,0,359,0,831,0,"1,406",0,936,0
6-Feb-22,5,0,2,0,12,0,41,0,66,0,188,0,359,0,831,0,"1,406",0,936,0
7-Feb-22,5,0,2,0,12,0,43,2,70,4,194,6,373,14,873,42,"1,469",63,974,38
8-Feb-22,5,0,2,0,12,0,44,1,70,0,194,0,376,3,883,10,"1,484",15,983,9
9-Feb-22,5,0,2,0,12,0,45,1,71,1,196,2,383,7,892,9,"1,512",28,"1,015",32
10-Feb-22,5,0,2,0,12,0,45,0,72,1,197,1,385,2,898,6,"1,523",11,"1,026",11
11-Feb-22,5,0,3,1,12,0,45,0,73,1,198,1,389,4,909,11,"1,536",13,"1,040",14
12-Feb-22,5,0,3,0,12,0,45,0,73,0,198,0,389,0,909,0,"1,536",0,"1,040",0
13-Feb-22,5,0,3,0,12,0,45,0,73,0,198,0,389,0,909,0,"1,536",0,"1,040",0
14-Feb-22,5,0,2,-1,12,0,44,-1,76,3,202,4,405,16,936,27,"1,578",42,"1,068",28
15-Feb-22,5,0,2,0,12,0,44,0,76,0,202,0,409,4,944,8,"1,594",16,"1,085",17
16-Feb-22,5,0,2,0,12,0,44,0,79,3,205,3,418,9,959,15,"1,623",29,"1,114",29
17-Feb-22,4,-1,2,0,12,0,45,1,79,0,209,4,426,8,975,16,"1,635",12,"1,123",9
18-Feb-22,4,0,2,0,12,0,45,0,80,1,209,0,430,4,989,14,"1,645",10,"1,130",7
19-Feb-22,4,0,2,0,12,0,45,0,80,0,209,0,430,0,989,0,"1,645",0,"1,130",0
20-Feb-22,4,0,2,0,12,0,45,0,80,0,209,0,430,0,989,0,"1,645",0,"1,130",0
21-Feb-22,4,0,2,0,12,0,45,0,81,1,214,5,441,11,"1,007",18,"1,682",37,"1,141",11
22-Feb-22,4,0,2,0,12,0,45,0,81,0,214,0,449,8,"1,010",3,"1,695",13,"1,148",7
23-Feb-22,4,0,2,0,12,0,46,1,81,0,215,1,455,6,"1,027",17,"1,716",21,"1,168",20
24-Feb-22,4,0,2,0,12,0,46,0,81,0,215,0,458,3,"1,039",12,"1,731",15,"1,170",2
25-Feb-22,4,0,2,0,12,0,46,0,81,0,218,3,464,6,"1,046",7,"1,753",22,"1,183",13
26-Feb-22,4,0,2,0,12,0,46,0,81,0,218,0,464,0,"1,046",0,"1,753",0,"1,183",0
27-Feb-22,4,0,2,0,12,0,46,0,81,0,218,0,464,0,"1,046",0,"1,753",0,"1,183",0
28-Feb-22,4,0,2,0,12,0,46,0,82,1,219,1,472,8,"1,062",16,"1,788",35,"1,196",13
1-Mar-22,4,0,2,0,13,1,46,0,82,0,223,4,480,8,"1,070",8,"1,803",15,"1,211",15
2-Mar-22,4,0,2,0,13,0,47,1,82,0,226,3,482,2,"1,082",12,"1,820",17,"1,231",20
3-Mar-22,4,0,2,0,13,0,48,1,83,1,230,4,487,5,"1,095",13,"1,828",8,"1,245",14
4-Mar-22,4,0,2,0,13,0,48,0,83,0,232,2,490,3,"1,104",9,"1,845",17,"1,256",11
5-Mar-22,4,0,2,0,13,0,48,0,83,0,232,0,490,0,"1,104",0,"1,845",0,"1,256",0
6-Mar-22,4,0,2,0,13,0,48,0,83,0,232,0,490,0,"1,104",0,"1,845",0,"1,256",0
7-Mar-22,4,0,2,0,13,0,49,1,83,0,231,-1,498,8,"1,116",12,"1,865",20,"1,272",16
8-Mar-22,4,0,2,0,13,0,49,0,83,0,233,2,500,2,"1,123",7,"1,871",6,"1,281",9
9-Mar-22,4,0,2,0,14,1,49,0,83,0,233,0,509,9,"1,126",3,"1,883",12,"1,290",9
10-Mar-22,4,0,2,0,14,0,50,1,84,1,233,0,510,1,"1,130",4,"1,874",-9,"1,290",0
11-Mar-22,4,0,2,0,14,0,50,0,85,1,234,1,511,1,"1,133",3,"1,880",6,"1,296",6
12-Mar-22,4,0,2,0,14,0,50,0,85,0,234,0,511,0,"1,133",0,"1,880",0,"1,296",0
13-Mar-22,4,0,2,0,14,0,50,0,85,0,234,0,511,0,"1,133",0,"1,880",0,"1,296",0
14-Mar-22,4,0,2,0,14,0,49,-1,86,1,237,3,516,5,"1,145",12,"1,909",29,"1,311",15
15-Mar-22,4,0,2,0,14,0,50,1,87,1,239,2,522,6,"1,152",7,"1,929",20,"1,322",11
16-Mar-22,4,0,2,0,14,0,50,0,88,1,240,1,523,1,"1,160",8,"1,939",10,"1,326",4
17-Mar-22,4,0,2,0,14,0,50,0,89,1,240,0,524,1,"1,167",7,"1,945",6,"1,332",6
18-Mar-22,4,0,2,0,15,1,50,0,90,1,240,0,525,1,"1,175",8,"1,955",10,"1,341",9
19-Mar-22,4,0,2,0,15,0,50,0,90,0,240,0,525,0,"1,175",0,"1,955",0,"1,341",0
20-Mar-22,4,0,2,0,15,0,50,0,90,0,240,0,525,0,"1,175",0,"1,955",0,"1,341",0
21-Mar-22,5,1,2,0,15,0,50,0,91,1,242,2,529,4,"1,180",5,"1,965",10,"1,352",11
22-Mar-22,5,0,2,0,15,0,50,0,91,0,244,2,531,2,"1,185",5,"1,976",11,"1,360",8
23-Mar-22,5,0,2,0,15,0,50,0,91,0,244,0,534,3,"1,190",5,"1,985",9,"1,369",9
24-Mar-22,6,1,2,0,15,0,50,0,92,1,244,0,541,7,"1,197",7,"1,995",10,"1,372",3
25-Mar-22,6,0,2,0,15,0,51,1,93,1,245,1,542,1,"1,199",2,"2,002",7,"1,379",7
26-Mar-22,6,0,2,0,15,0,51,0,93,0,245,0,542,0,"1,199",0,"2,002",0,"1,379",0
27-Mar-22,6,0,2,0,15,0,51,0,93,0,245,0,542,0,"1,199",0,"2,002",0,"1,379",0
28-Mar-22,6,0,2,0,15,0,51,0,94,1,247,2,543,1,"1,212",13,"2,015",13,"1,390",11
29-Mar-22,6,0,2,0,16,1,52,1,95,1,248,1,548,5,"1,217",5,"2,025",10,"1,394",4
30-Mar-22,6,0,2,0,16,0,52,0,94,-1,249,1,554,6,"1,222",5,"2,037",12,"1,402",8
31-Mar-22,6,0,2,0,16,0,52,0,94,0,249,0,554,0,"1,228",6,"2,047",10,"1,411",9
1-Apr-22,6,0,2,0,16,0,56,4,100,6,261,12,578,24,"1,291",63,"2,177",130,"1,502",91
2-Apr-22,6,0,2,0,16,0,56,0,100,0,261,0,578,0,"1,291",0,"2,177",0,"1,502",0
3-Apr-22,6,0,2,0,16,0,56,0,100,0,261,0,578,0,"1,291",0,"2,177",0,"1,502",0
4-Apr-22,8,2,2,0,17,1,59,3,104,4,266,5,583,5,"1,308",17,"2,212",35,"1,518",16
5-Apr-22,8,0,2,0,17,0,60,1,106,2,266,0,590,7,"1,316",8,"2,221",9,"1,523",5
6-Apr-22,8,0,2,0,17,0,60,0,106,0,267,1,592,2,"1,320",4,"2,231",10,"1,531",8
7-Apr-22,8,0,3,1,17,0,60,0,106,0,269,2,593,1,"1,324",4,"2,238",7,"1,535",4
8-Apr-22,8,0,3,0,17,0,61,1,106,0,270,1,597,4,"1,329",5,"2,246",8,"1,544",9
9-Apr-22,8,0,3,0,17,0,61,0,106,0,270,0,597,0,"1,329",0,"2,246",0,"1,544",0
10-Apr-22,8,0,3,0,17,0,61,0,106,0,270,0,597,0,"1,329",0,"2,246",0,"1,544",0
11-Apr-22,8,0,3,0,17,0,61,0,109,3,275,5,604,7,"1,335",6,"2,263",17,"1,558",14
12-Apr-22,8,0,3,0,17,0,61,0,109,0,276,1,608,4,"1,339",4,"2,274",11,"1,572",14
13-Apr-22,8,0,3,0,17,0,61,0,110,1,279,3,612,4,"1,348",9,"2,284",10,"1,580",8
14-Apr-22,8,0,3,0,17,0,61,0,110,0,279,0,619,7,"1,355",7,"2,299",15,"1,590",10
15-Apr-22,8,0,3,0,17,0,61,0,110,0,279,0,619,0,"1,355",0,"2,299",0,"1,590",0
16-Apr-22,8,0,3,0,17,0,61,0,110,0,279,0,619,0,"1,355",0,"2,299",0,"1,590",0
17-Apr-22,8,0,3,0,17,0,61,0,110,0,279,0,619,0,"1,355",0,"2,299",0,"1,590",0
18-Apr-22,8,0,3,0,17,0,61,0,110,0,279,0,619,0,"1,355",0,"2,299",0,"1,590",0
19-Apr-22,8,0,3,0,17,0,62,1,110,0,281,2,625,6,"1,379",24,"2,332",33,"1,616",26
20-Apr-22,8,0,3,0,17,0,62,0,111,1,281,0,628,3,"1,391",12,"2,344",12,"1,622",6
21-Apr-22,8,0,3,0,17,0,62,0,115,4,282,1,633,5,"1,400",9,"2,367",23,"1,634",12
22-Apr-22,8,0,3,0,17,0,62,0,115,0,283,1,636,3,"1,410",10,"2,382",15,"1,649",15
23-Apr-22,8,0,3,0,17,0,62,0,115,0,283,0,636,0,"1,410",0,"2,382",0,"1,649",0
24-Apr-22,8,0,3,0,17,0,62,0,115,0,283,0,636,0,"1,410",0,"2,382",0,"1,649",0
25-Apr-22,8,0,3,0,17,0,62,0,115,0,283,0,636,0,"1,410",0,"2,382",0,"1,649",0
26-Apr-22,8,0,4,1,19,2,62,0,117,2,292,9,643,7,"1,428",18,"2,410",28,"1,678",29
27-Apr-22,8,0,5,1,19,0,62,0,117,0,293,1,649,6,"1,438",10,"2,423",13,"1,692",14
28-Apr-22,8,0,5,0,19,0,62,0,117,0,295,2,652,3,"1,443",5,"2,435",12,"1,700",8
29-Apr-22,8,0,5,0,19,0,62,0,116,-1,296,1,654,2,"1,445",2,"2,451",16,"1,710",10
30-Apr-22,8,0,5,0,19,0,62,0,116,0,296,0,654,0,"1,445",0,"2,451",0,"1,710",0
1-May-22,8,0,5,0,19,0,62,0,116,0,296,0,654,0,"1,445",0,"2,451",0,"1,710",0
2-May-22,8,0,5,0,20,1,62,0,119,3,297,1,659,5,"1,459",14,"2,467",16,"1,734",24
3-May-22,8,0,5,0,20,0,62,0,119,0,298,1,662,3,"1,466",7,"2,481",14,"1,750",16
4-May-22,8,0,5,0,20,0,62,0,120,1,299,1,668,6,"1,473",7,"2,497",16,"1,761",11
5-May-22,8,0,5,0,20,0,62,0,120,0,302,3,673,5,"1,478",5,"2,510",13,"1,785",24
6-May-22,8,0,5,0,20,0,62,0,120,0,302,0,675,2,"1,482",4,"2,522",12,"1,792",7
7-May-22,8,0,5,0,20,0,62,0,120,0,302,0,675,0,"1,482",0,"2,522",0,"1,792",0
8-May-22,8,0,5,0,20,0,62,0,120,0,302,0,675,0,"1,482",0,"2,522",0,"1,792",0
9-May-22,8,0,5,0,20,0,63,1,121,1,302,0,684,9,"1,491",9,"2,540",18,"1,805",13
10-May-22,8,0,5,0,21,1,63,0,121,0,305,3,687,3,"1,500",9,"2,552",12,"1,823",18
11-May-22,8,0,5,0,21,0,63,0,121,0,306,1,689,2,"1,506",6,"2,567",15,"1,831",8
12-May-22,8,0,5,0,21,0,63,0,121,0,310,4,697,8,"1,521",15,"2,585",18,"1,853",22
13-May-22,8,0,5,0,21,0,63,0,122,1,312,2,701,4,"1,528",7,"2,604",19,"1,863",10
14-May-22,8,0,5,0,21,0,63,0,122,0,312,0,701,0,"1,528",0,"2,604",0,"1,863",0
15-May-22,8,0,5,0,21,0,63,0,122,0,312,0,701,0,"1,528",0,"2,604",0,"1,863",0
16-May-22,8,0,5,0,21,0,63,0,122,0,314,2,703,2,"1,541",13,"2,618",14,"1,876",13
17-May-22,8,0,5,0,21,0,65,2,124,2,320,6,719,16,"1,576",35,"2,687",69,"1,914",38
18-May-22,8,0,5,0,22,1,65,0,124,0,322,2,726,7,"1,579",3,"2,695",8,"1,925",11
19-May-22,8,0,5,0,22,0,65,0,124,0,322,0,729,3,"1,585",6,"2,716",21,"1,935",10
20-May-22,8,0,6,1,23,1,66,1,127,3,329,7,732,3,"1,599",14,"2,738",22,"1,958",23
21-May-22,8,0,6,0,23,0,66,0,127,0,329,0,732,0,"1,599",0,"2,738",0,"1,958",0
22-May-22,8,0,6,0,23,0,66,0,127,0,329,0,732,0,"1,599",0,"2,738",0,"1,958",0
23-May-22,8,0,6,0,24,1,66,0,128,1,331,2,738,6,"1,611",12,"2,767",29,"1,975",17
24-May-22,8,0,6,0,24,0,67,1,129,1,334,3,740,2,"1,627",16,"2,786",19,"1,993",18
25-May-22,9,1,6,0,24,0,69,2,129,0,334,0,742,2,"1,630",3,"2,796",10,"2,011",18
26-May-22,9,0,6,0,24,0,69,0,129,0,335,1,748,6,"1,642",12,"2,822",26,"2,031",20
27-May-22,9,0,6,0,24,0,69,0,129,0,335,0,750,2,"1,650",8,"2,830",8,"2,045",14
28-May-22,9,0,6,0,24,0,69,0,129,0,335,0,750,0,"1,650",0,"2,830",0,"2,045",0
29-May-22,9,0,6,0,24,0,69,0,129,0,335,0,750,0,"1,650",0,"2,830",0,"2,045",0
30-May-22,9,0,6,0,24,0,69,0,129,0,335,0,750,0,"1,650",0,"2,830",0,"2,045",0
31-May-22,9,0,6,0,24,0,69,0,131,2,337,2,756,6,"1,669",19,"2,874",44,"2,080",35
1-Jun-22,8,-1,6,0,24,0,69,0,130,-1,336,-1,754,-2,"1,668",-1,"2,875",1,"2,086",6
2-Jun-22,8,0,6,0,24,0,69,0,129,-1,337,1,761,7,"1,676",8,"2,893",18,"2,099",13
3-Jun-22,8,0,6,0,24,0,69,0,130,1,337,0,762,1,"1,682",6,"2,907",14,"2,111",12
4-Jun-22,8,0,6,0,24,0,69,0,130,0,337,0,762,0,"1,682",0,"2,907",0,"2,111",0
5-Jun-22,8,0,6,0,24,0,69,0,130,0,337,0,762,0,"1,682",0,"2,907",0,"2,111",0
6-Jun-22,8,0,6,0,24,0,70,1,130,0,337,0,771,9,"1,693",11,"2,940",33,"2,144",33
7-Jun-22,8,0,6,0,24,0,71,1,130,0,338,1,774,3,"1,697",4,"2,951",11,"2,153",9
8-Jun-22,8,0,6,0,24,0,71,0,130,0,338,0,779,5,"1,701",4,"2,972",21,"2,167",14
9-Jun-22,8,0,6,0,24,0,71,0,130,0,338,0,781,2,"1,714",13,"2,991",19,"2,185",18
10-Jun-22,8,0,6,0,25,1,71,0,131,1,341,3,782,1,"1,717",3,"3,002",11,"2,192",7
11-Jun-22,8,0,6,0,25,0,71,0,131,0,341,0,782,0,"1,717",0,"3,002",0,"2,192",0
12-Jun-22,8,0,6,0,25,0,71,0,131,0,341,0,782,0,"1,717",0,"3,002",0,"2,192",0
13-Jun-22,8,0,6,0,25,0,71,0,131,0,341,0,782,0,"1,717",0,"3,002",0,"2,192",0
14-Jun-22,8,0,6,0,25,0,71,0,131,0,341,0,782,0,"1,717",0,"3,002",0,"2,192",0
15-Jun-22,8,0,7,1,25,0,74,3,133,2,352,11,790,8,"1,745",28,"3,051",49,"2,254",62
16-Jun-22,8,0,7,0,26,1,75,1,134,1,353,1,797,7,"1,761",16,"3,074",23,"2,267",13
17-Jun-22,9,1,7,0,27,1,80,5,139,5,355,2,811,14,"1,795",34,"3,141",67,"2,315",48
18-Jun-22,9,0,7,0,27,0,80,0,139,0,355,0,811,0,"1,795",0,"3,141",0,"2,315",0
19-Jun-22,9,0,7,0,27,0,80,0,139,0,355,0,811,0,"1,795",0,"3,141",0,"2,315",0
20-Jun-22,9,0,7,0,27,0,80,0,140,1,358,3,822,11,"1,830",35,"3,185",44,"2,357",42
21-Jun-22,9,0,7,0,27,0,80,0,145,5,361,3,829,7,"1,842",12,"3,203",18,"2,384",27
22-Jun-22,9,0,7,0,27,0,80,0,145,0,362,1,833,4,"1,845",3,"3,214",11,"2,389",5
23-Jun-22,9,0,7,0,27,0,80,0,145,0,362,0,839,6,"1,853",8,"3,233",19,"2,409",20
24-Jun-22,9,0,7,0,27,0,80,0,145,0,363,1,841,2,"1,862",9,"3,241",8,"2,422",13
25-Jun-22,9,0,7,0,27,0,80,0,145,0,363,0,841,0,"1,862",0,"3,241",0,"2,422",0
26-Jun-22,9,0,7,0,27,0,80,0,145,0,363,0,841,0,"1,862",0,"3,241",0,"2,422",0
27-Jun-22,9,0,7,0,27,0,81,1,146,1,365,2,847,6,"1,875",13,"3,280",39,"2,448",26
28-Jun-22,9,0,7,0,27,0,81,0,146,0,366,1,849,2,"1,882",7,"3,290",10,"2,454",6
29-Jun-22,9,0,7,0,27,0,81,0,146,0,366,0,849,0,"1,886",4,"3,297",7,"2,462",8
30-Jun-22,9,0,7,0,27,0,81,0,147,1,367,1,851,2,"1,896",10,"3,310",13,"2,479",17
1-Jul-22,10,1,8,1,27,0,82,1,151,4,372,5,853,2,"1,917",21,"3,336",26,"2,521",42
2-Jul-22,10,0,8,0,27,0,82,0,151,0,372,0,853,0,"1,917",0,"3,336",0,"2,521",0
3-Jul-22,10,0,8,0,27,0,82,0,151,0,372,0,853,0,"1,917",0,"3,336",0,"2,521",0
4-Jul-22,10,0,8,0,27,0,82,0,153,2,373,1,857,4,"1,928",11,"3,374",38,"2,543",22
5-Jul-22,10,0,8,0,28,1,82,0,153,0,372,-1,858,1,"1,935",7,"3,387",13,"2,550",7
6-Jul-22,10,0,8,0,28,0,82,0,155,2,375,3,859,1,"1,943",8,"3,395",8,"2,560",10
7-Jul-22,11,1,8,0,28,0,84,2,155,0,377,2,863,4,"1,958",15,"3,421",26,"2,583",23
8-Jul-22,11,0,8,0,29,1,84,0,156,1,377,0,865,2,"1,965",7,"3,436",15,"2,596",13
9-Jul-22,11,0,8,0,29,0,84,0,156,0,377,0,865,0,"1,965",0,"3,436",0,"2,596",0
10-Jul-22,11,0,8,0,29,0,84,0,156,0,377,0,865,0,"1,965",0,"3,436",0,"2,596",0
11-Jul-22,11,0,8,0,29,0,86,2,159,3,379,2,866,1,"1,976",11,"3,459",23,"2,610",14
12-Jul-22,11,0,7,-1,29,0,79,-7,156,-3,381,2,869,3,"1,983",7,"3,471",12,"2,626",16
13-Jul-22,12,1,8,1,29,0,78,-1,156,0,381,0,873,4,"1,987",4,"3,482",11,"2,634",8
14-Jul-22,12,0,8,0,29,0,80,2,162,6,388,7,888,15,"2,016",29,"3,546",64,"2,683",49
15-Jul-22,12,0,8,0,30,1,81,1,162,0,391,3,891,3,"2,023",7,"3,564",18,"2,701",18
16-Jul-22,12,0,8,0,30,0,81,0,162,0,391,0,891,0,"2,023",0,"3,564",0,"2,701",0
17-Jul-22,12,0,8,0,30,0,81,0,162,0,391,0,891,0,"2,023",0,"3,564",0,"2,701",0
18-Jul-22,12,0,8,0,29,-1,81,0,162,0,392,1,901,10,"2,051",28,"3,597",33,"2,736",35
19-Jul-22,12,0,8,0,29,0,81,0,162,0,392,0,905,4,"2,060",9,"3,611",14,"2,757",21
20-Jul-22,12,0,8,0,28,-1,81,0,163,1,393,1,910,5,"2,073",13,"3,635",24,"2,788",31
21-Jul-22,13,1,8,0,28,0,81,0,163,0,393,0,915,5,"2,084",11,"3,661",26,"2,814",26
22-Jul-22,13,0,8,0,28,0,82,1,163,0,394,1,918,3,"2,101",17,"3,680",19,"2,828",14
23-Jul-22,13,0,8,0,28,0,82,0,163,0,394,0,918,0,"2,101",0,"3,680",0,"2,828",0
24-Jul-22,13,0,8,0,28,0,82,0,163,0,394,0,918,0,"2,101",0,"3,680",0,"2,828",0
25-Jul-22,14,1,8,0,28,0,84,2,163,0,396,2,925,7,"2,124",23,"3,731",51,"2,867",39
26-Jul-22,14,0,8,0,28,0,84,0,166,3,398,2,935,10,"2,139",15,"3,753",22,"2,895",28
27-Jul-22,14,0,8,0,28,0,84,0,166,0,401,3,936,1,"2,153",14,"3,777",24,"2,913",18
28-Jul-22,15,1,8,0,28,0,84,0,167,1,404,3,947,11,"2,166",13,"3,805",28,"2,949",36
29-Jul-22,15,0,8,0,28,0,85,1,172,5,407,3,959,12,"2,203",37,"3,857",52,"2,992",43
30-Jul-22,15,0,8,0,28,0,85,0,172,0,407,0,959,0,"2,203",0,"3,857",0,"2,992",0
31-Jul-22,15,0,8,0,28,0,85,0,172,0,407,0,959,0,"2,203",0,"3,857",0,"2,992",0
1-Aug-22,15,0,8,0,28,0,85,0,173,1,410,3,970,11,"2,228",25,"3,903",46,"3,037",45
2-Aug-22,15,0,8,0,28,0,85,0,174,1,412,2,976,6,"2,239",11,"3,937",34,"3,070",33
3-Aug-22,15,0,8,0,28,0,85,0,173,-1,414,2,979,3,"2,249",10,"3,951",14,"3,086",16
4-Aug-22,15,0,8,0,28,0,85,0,173,0,415,1,984,5,"2,262",13,"3,976",25,"3,115",29
5-Aug-22,15,0,8,0,28,0,86,1,174,1,417,2,987,3,"2,270",8,"3,992",16,"3,131",16
6-Aug-22,15,0,8,0,28,0,86,0,174,0,417,0,987,0,"2,270",0,"3,992",0,"3,131",0
7-Aug-22,15,0,8,0,28,0,86,0,174,0,417,0,987,0,"2,270",0,"3,992",0,"3,131",0
8-Aug-22,15,0,8,0,28,0,86,0,176,2,421,4,993,6,"2,299",29,"4,032",40,"3,169",38
9-Aug-22,15,0,9,1,29,1,86,0,177,1,423,2,"1,001",8,"2,309",10,"4,061",29,"3,199",30
10-Aug-22,15,0,9,0,29,0,87,1,177,0,427,4,"1,009",8,"2,327",18,"4,097",36,"3,233",34
11-Aug-22,15,0,9,0,29,0,87,0,179,2,434,7,"1,015",6,"2,337",10,"4,115",18,"3,262",29
12-Aug-22,15,0,10,1,29,0,87,0,180,1,436,2,"1,019",4,"2,342",5,"4,132",17,"3,275",13
13-Aug-22,15,0,10,0,29,0,87,0,180,0,436,0,"1,019",0,"2,342",0,"4,132",0,"3,275",0
14-Aug-22,15,0,10,0,29,0,87,0,180,0,436,0,"1,019",0,"2,342",0,"4,132",0,"3,275",0
15-Aug-22,14,-1,12,2,28,-1,89,2,187,7,469,33,"1,085",66,"2,481",139,"4,453",321,"3,530",255
16-Aug-22,14,0,12,0,29,1,87,-2,188,1,468,-1,"1,087",2,"2,483",2,"4,463",10,"3,520",-10
17-Aug-22,14,0,12,0,29,0,87,0,188,0,468,0,"1,087",0,"2,483",0,"4,463",0,"3,520",0
18-Aug-22,14,0,11,-1,30,1,89,2,189,1,473,5,"1,101",14,"2,515",32,"4,512",49,"3,589",69
19-Aug-22,13,-1,11,0,30,0,90,1,189,0,477,4,"1,109",8,"2,537",22,"4,578",66,"3,636",47
20-Aug-22,13,0,11,0,30,0,90,0,189,0,477,0,"1,109",0,"2,537",0,"4,578",0,"3,636",0
21-Aug-22,13,0,11,0,30,0,90,0,189,0,477,0,"1,109",0,"2,537",0,"4,578",0,"3,636",0
22-Aug-22,13,0,11,0,30,0,90,0,189,0,477,0,"1,109",0,"2,537",0,"4,578",0,"3,636",0
23-Aug-22,13,0,10,-1,31,1,91,1,191,2,486,9,"1,129",20,"2,589",52,"4,688",110,"3,757",121
24-Aug-22,13,0,10,0,31,0,91,0,192,1,486,0,"1,138",9,"2,604",15,"4,711",23,"3,785",28
25-Aug-22,13,0,10,0,31,0,91,0,192,0,488,2,"1,139",1,"2,611",7,"4,729",18,"3,800",15
26-Aug-22,13,0,10,0,31,0,92,1,191,-1,488,0,"1,142",3,"2,620",9,"4,744",15,"3,815",15
27-Aug-22,13,0,10,0,31,0,92,0,191,0,488,0,"1,142",0,"2,620",0,"4,744",0,"3,815",0
28-Aug-22,13,0,10,0,31,0,92,0,191,0,488,0,"1,142",0,"2,620",0,"4,744",0,"3,815",0
29-Aug-22,13,0,10,0,31,0,92,0,191,0,488,0,"1,142",0,"2,620",0,"4,744",0,"3,815",0
30-Aug-22,13,0,10,0,31,0,93,1,191,0,493,5,"1,145",3,"2,653",33,"4,793",49,"3,866",51
31-Aug-22,12,-1,7,-3,29,-2,89,-4,182,-9,477,-16,"1,109",-36,"2,597",-56,"4,661",-132,"3,768",-98
1-Sep-22,12,0,8,1,30,1,92,3,182,0,481,4,"1,117",8,"2,611",14,"4,693",32,"3,792",24
2-Sep-22,12,0,7,-1,29,-1,92,0,183,1,480,-1,"1,117",0,"2,610",-1,"4,700",7,"3,797",5
3-Sep-22,12,0,7,0,29,0,92,0,183,0,480,0,"1,117",0,"2,610",0,"4,700",0,"3,797",0
4-Sep-22,12,0,7,0,29,0,92,0,183,0,480,0,"1,117",0,"2,610",0,"4,700",0,"3,797",0
5-Sep-22,12,0,7,0,29,0,92,0,183,0,480,0,"1,117",0,"2,610",0,"4,700",0,"3,797",0
6-Sep-22,12,0,7,0,28,-1,88,-4,184,1,483,3,"1,128",11,"2,640",30,"4,741",41,"3,838",41
7-Sep-22,12,0,7,0,28,0,88,0,185,1,484,1,"1,135",7,"2,649",9,"4,765",24,"3,863",25
8-Sep-22,12,0,7,0,28,0,89,1,185,0,484,0,"1,141",6,"2,657",8,"4,787",22,"3,883",20
9-Sep-22,12,0,7,0,30,2,89,0,185,0,486,2,"1,145",4,"2,666",9,"4,810",23,"3,901",18
