Date,5-Nov,,Dec-15,,16-19,,20-29,,30-39,,40-49,,50-59,,60-69,,70-79,,80-89,,90+
10-May-21,,,-,,0.45%,,3.66%,,4.41%,,5.32%,,9.35%,,13.62%,,37.34%,,40.63%,,44.15%
11-May-21,,,-,,0.45%,,3.66%,,4.41%,,5.37%,,9.70%,,14.24%,,38.14%,,41.39%,,44.75%
12-May-21,,,-,,0.45%,,3.74%,,4.51%,,5.44%,,10.10%,,14.96%,,38.98%,,42.21%,,45.27%
13-May-21,,,-,,0.45%,,3.79%,,4.61%,,5.54%,,10.50%,,15.67%,,39.95%,,43.18%,,46.18%
14-May-21,,,-,,0.50%,,3.86%,,4.68%,,5.69%,,10.95%,,16.47%,,40.96%,,44.38%,,47.92%
15-May-21,,,-,,0.50%,,3.86%,,4.68%,,5.69%,,10.95%,,16.47%,,40.96%,,44.38%,,47.92%
16-May-21,,,-,,0.55%,,3.96%,,4.81%,,5.87%,,11.62%,,17.53%,,42.10%,,45.53%,,48.91%
17-May-21,,,-,,0.55%,,3.96%,,4.81%,,5.87%,,11.62%,,17.53%,,42.10%,,45.53%,,48.91%
18-May-21,,,-,,0.55%,,4.04%,,4.88%,,5.95%,,12.00%,,18.27%,,42.87%,,46.17%,,49.42%
19-May-21,,,-,,0.55%,,4.11%,,5.01%,,6.22%,,12.62%,,19.27%,,43.76%,,47.23%,,50.93%
20-May-21,,,-,,0.65%,,4.26%,,5.21%,,6.57%,,13.22%,,20.23%,,44.68%,,48.17%,,51.86%
21-May-21,,,-,,0.65%,,4.36%,,5.31%,,6.72%,,13.82%,,21.30%,,45.60%,,49.04%,,53.19%
22-May-21,,,-,,0.70%,,4.49%,,5.48%,,7.12%,,14.67%,,22.51%,,46.62%,,50.11%,,53.88%
23-May-21,,,-,,0.75%,,4.49%,,5.48%,,7.12%,,14.72%,,22.64%,,46.72%,,50.21%,,54.00%
24-May-21,,,-,,0.80%,,4.59%,,5.58%,,7.32%,,15.32%,,23.55%,,47.40%,,50.87%,,54.48%
25-May-21,,,-,,0.80%,,4.67%,,5.76%,,7.55%,,15.99%,,24.57%,,48.27%,,51.62%,,55.00%
26-May-21,,,-,,0.80%,,4.67%,,5.76%,,7.55%,,15.99%,,24.57%,,48.27%,,51.62%,,55.00%
27-May-21,,,-,,0.85%,,4.77%,,5.86%,,7.78%,,16.69%,,25.71%,,49.25%,,52.48%,,55.76%
28-May-21,,,-,,0.90%,,4.84%,,6.00%,,8.08%,,17.49%,,26.88%,,50.17%,,53.36%,,56.47%
29-May-21,,,-,,0.90%,,4.94%,,6.13%,,8.33%,,18.36%,,28.00%,,51.02%,,54.09%,,57.16%
30-May-21,,,-,,0.90%,,5.01%,,6.23%,,8.75%,,18.91%,,28.60%,,51.39%,,54.43%,,57.46%
31-May-21,,,-,,0.90%,,5.04%,,6.28%,,8.95%,,19.11%,,28.80%,,51.52%,,54.59%,,57.62%
1-Jun-21,,,-,,1.00%,,5.09%,,6.38%,,9.25%,,19.99%,,29.97%,,52.35%,,55.32%,,58.07%
2-Jun-21,,,-,,1.05%,,5.32%,,6.70%,,10.15%,,21.89%,,32.51%,,54.25%,,56.90%,,59.32%
3-Jun-21,,,-,,1.10%,,5.40%,,6.85%,,10.66%,,22.91%,,33.83%,,55.25%,,57.78%,,60.08%
4-Jun-21,,,-,,1.15%,,5.47%,,6.95%,,10.88%,,23.74%,,34.87%,,56.05%,,58.46%,,60.62%
5-Jun-21,,,-,,1.15%,,5.47%,,6.95%,,10.88%,,23.74%,,34.87%,,56.05%,,58.46%,,60.62%
6-Jun-21,,,-,,1.15%,,5.57%,,7.03%,,11.06%,,24.19%,,35.40%,,56.41%,,58.80%,,60.89%
7-Jun-21,,,-,,1.15%,,5.64%,,7.15%,,11.51%,,24.54%,,35.78%,,56.61%,,58.94%,,61.01%
8-Jun-21,,,-,,1.25%,,5.79%,,7.35%,,12.18%,,25.51%,,36.87%,,57.31%,,59.57%,,61.49%
9-Jun-21,,,-,,1.35%,,6.12%,,7.83%,,14.24%,,27.71%,,39.50%,,59.17%,,61.16%,,62.82%
10-Jun-21,,,-,,1.45%,,6.24%,,8.05%,,14.99%,,28.81%,,40.79%,,60.17%,,62.01%,,63.47%
11-Jun-21,,,-,,1.45%,,6.39%,,8.15%,,15.61%,,29.66%,,41.77%,,60.85%,,62.64%,,63.95%
12-Jun-21,,,-,,1.50%,,6.45%,,8.28%,,15.94%,,30.01%,,42.17%,,61.13%,,62.88%,,64.15%
13-Jun-21,,,-,,1.50%,,6.45%,,8.28%,,15.94%,,30.01%,,42.17%,,61.13%,,62.88%,,64.15%
14-Jun-21,,,-,,1.50%,,6.47%,,8.35%,,16.06%,,30.14%,,42.29%,,61.23%,,62.98%,,64.25%
15-Jun-21,,,-,,1.50%,,6.52%,,8.40%,,16.24%,,30.41%,,42.52%,,61.43%,,63.16%,,64.38%
16-Jun-21,,,-,,1.60%,,6.67%,,8.62%,,17.36%,,31.26%,,43.57%,,62.17%,,63.82%,,64.93%
17-Jun-21,,,-,,1.60%,,6.80%,,8.82%,,18.06%,,32.01%,,44.51%,,62.90%,,64.50%,,65.48%
18-Jun-21,,,-,,1.70%,,6.92%,,9.02%,,18.49%,,32.56%,,45.36%,,63.63%,,65.15%,,65.99%
19-Jun-21,,,-,,1.70%,,7.07%,,9.20%,,19.24%,,33.06%,,46.16%,,64.26%,,65.73%,,66.40%
20-Jun-21,,,-,,1.80%,,7.15%,,9.32%,,19.64%,,33.26%,,46.56%,,64.51%,,65.99%,,66.61%
21-Jun-21,,,-,,1.80%,,7.15%,,9.42%,,19.91%,,33.39%,,46.66%,,64.63%,,66.09%,,66.71%
22-Jun-21,,,-,,1.80%,,7.27%,,9.57%,,20.34%,,33.61%,,47.26%,,65.11%,,66.54%,,67.10%
23-Jun-21,,,-,,1.90%,,7.37%,,9.75%,,20.86%,,33.94%,,47.98%,,65.71%,,67.07%,,67.46%
24-Jun-21,,,-,,1.95%,,7.47%,,9.95%,,21.26%,,34.24%,,48.61%,,66.26%,,67.65%,,67.89%
25-Jun-21,,,-,,1.95%,,7.55%,,10.07%,,21.66%,,34.51%,,49.25%,,66.84%,,68.17%,,68.38%
26-Jun-21,,,-,,2.00%,,7.65%,,10.20%,,22.04%,,34.81%,,49.83%,,67.28%,,68.65%,,68.71%
27-Jun-21,,,-,,2.05%,,7.72%,,10.32%,,22.34%,,35.04%,,50.10%,,67.48%,,68.85%,,68.89%
28-Jun-21,,,-,,2.05%,,7.80%,,10.42%,,22.56%,,35.24%,,50.20%,,67.58%,,68.92%,,68.97%
29-Jun-21,,,-,,2.10%,,7.85%,,10.52%,,22.91%,,35.51%,,50.73%,,67.98%,,69.33%,,69.31%
30-Jun-21,,,-,,2.15%,,8.03%,,10.77%,,23.56%,,35.96%,,51.40%,,68.51%,,69.83%,,69.68%
1-Jul-21,,,-,,2.23%,,8.19%,,11.00%,,23.98%,,36.40%,,52.16%,,69.10%,,70.37%,,70.19%
2-Jul-21,,,-,,2.32%,,8.38%,,11.28%,,24.65%,,36.88%,,52.92%,,69.67%,,70.88%,,70.61%
3-Jul-21,,,-,,2.39%,,8.54%,,11.50%,,25.11%,,37.29%,,53.55%,,70.12%,,71.29%,,71.00%
4-Jul-21,,,-,,2.44%,,8.65%,,11.67%,,25.48%,,37.61%,,53.81%,,70.30%,,71.47%,,71.19%
5-Jul-21,,,-,,2.47%,,8.73%,,11.80%,,25.73%,,37.86%,,53.91%,,70.36%,,71.53%,,71.26%
6-Jul-21,,,-,,2.53%,,8.86%,,11.98%,,26.22%,,38.30%,,54.46%,,70.76%,,71.89%,,71.56%
7-Jul-21,,,-,,2.59%,,9.03%,,12.22%,,26.81%,,38.80%,,55.06%,,71.22%,,72.32%,,71.91%
8-Jul-21,,,-,,2.67%,,9.19%,,12.45%,,27.31%,,39.28%,,55.62%,,71.66%,,72.73%,,72.25%
9-Jul-21,,,-,,2.74%,,9.35%,,12.69%,,27.81%,,39.75%,,56.20%,,72.11%,,73.16%,,72.61%
10-Jul-21,,,-,,2.82%,,9.51%,,12.90%,,28.30%,,40.26%,,56.71%,,72.46%,,73.50%,,72.88%
11-Jul-21,,,-,,2.89%,,9.66%,,13.10%,,28.71%,,40.64%,,56.94%,,72.61%,,73.66%,,73.05%
12-Jul-21,,,-,,2.94%,,9.77%,,13.26%,,28.98%,,40.89%,,57.03%,,72.67%,,73.72%,,73.13%
13-Jul-21,,,-,,3.02%,,9.92%,,13.49%,,29.50%,,41.41%,,57.50%,,73.02%,,74.05%,,73.41%
14-Jul-21,,,-,,3.11%,,10.11%,,13.77%,,30.10%,,41.95%,,58.03%,,73.43%,,74.43%,,73.74%
15-Jul-21,,,-,,3.20%,,10.30%,,14.04%,,30.69%,,42.50%,,58.55%,,73.84%,,74.80%,,74.07%
16-Jul-21,,,-,,3.29%,,10.48%,,14.32%,,31.25%,,43.05%,,59.10%,,74.26%,,75.19%,,74.40%
17-Jul-21,,,-,,3.38%,,10.67%,,14.59%,,31.83%,,43.63%,,59.60%,,74.61%,,75.52%,,74.73%
18-Jul-21,,,-,,3.46%,,10.84%,,14.82%,,32.29%,,44.04%,,59.83%,,74.76%,,75.68%,,74.96%
19-Jul-21,,,-,,3.50%,,10.93%,,14.95%,,32.60%,,44.29%,,59.91%,,74.82%,,75.74%,,75.03%
20-Jul-21,,,-,,3.61%,,11.16%,,15.27%,,33.28%,,44.96%,,60.40%,,75.18%,,76.08%,,75.33%
21-Jul-21,,,-,,3.70%,,11.36%,,15.57%,,33.94%,,45.59%,,60.91%,,75.56%,,76.45%,,75.66%
22-Jul-21,,,-,,3.83%,,11.64%,,15.95%,,34.70%,,46.31%,,61.46%,,75.96%,,76.82%,,75.99%
23-Jul-21,,,-,,3.94%,,11.88%,,16.30%,,35.42%,,47.01%,,62.01%,,76.35%,,77.22%,,76.34%
24-Jul-21,,,-,,4.06%,,12.14%,,16.66%,,36.16%,,47.73%,,62.52%,,76.71%,,77.55%,,76.66%
25-Jul-21,,,-,,4.17%,,12.34%,,16.94%,,36.74%,,48.22%,,62.76%,,76.86%,,77.70%,,76.80%
26-Jul-21,,,-,,4.24%,,12.47%,,17.12%,,37.10%,,48.52%,,62.85%,,76.92%,,77.76%,,76.87%
27-Jul-21,,,-,,4.38%,,12.74%,,17.49%,,37.81%,,49.22%,,63.34%,,77.25%,,78.08%,,77.16%
28-Jul-21,0.00%,,-,,4.51%,,13.00%,,17.87%,,38.48%,,49.86%,,63.86%,,77.61%,,78.43%,,77.46%
29-Jul-21,0.00%,,-,,4.69%,,13.36%,,18.37%,,39.33%,,50.64%,,64.41%,,77.99%,,78.79%,,77.77%
30-Jul-21,0.00%,,-,,4.85%,,13.66%,,18.81%,,40.06%,,51.32%,,64.94%,,78.38%,,79.14%,,78.11%
31-Jul-21,0.00%,,-,,5.03%,,14.01%,,19.31%,,40.87%,,52.07%,,65.43%,,78.72%,,79.47%,,78.41%
1-Aug-21,0.00%,,-,,5.15%,,14.24%,,19.64%,,41.41%,,52.51%,,65.62%,,78.85%,,79.60%,,78.56%
2-Aug-21,0.00%,,-,,5.24%,,14.39%,,19.84%,,41.75%,,52.79%,,65.72%,,78.91%,,79.66%,,78.64%
3-Aug-21,0.00%,,-,,5.40%,,14.70%,,20.28%,,42.40%,,53.41%,,66.18%,,79.23%,,79.97%,,78.92%
4-Aug-21,0.00%,,-,,5.60%,,15.07%,,20.81%,,43.15%,,54.09%,,66.73%,,79.61%,,80.32%,,79.22%
5-Aug-21,0.00%,,-,,5.80%,,15.45%,,21.33%,,43.86%,,54.79%,,67.28%,,80.01%,,80.70%,,79.54%
6-Aug-21,0.00%,,-,,6.03%,,15.88%,,21.94%,,44.69%,,55.55%,,67.89%,,80.43%,,81.07%,,79.87%
7-Aug-21,0.00%,,-,,6.29%,,16.34%,,22.56%,,45.49%,,56.28%,,68.47%,,80.81%,,81.42%,,80.18%
8-Aug-21,0.00%,,-,,6.45%,,16.63%,,22.95%,,46.04%,,56.75%,,68.72%,,80.96%,,81.56%,,80.32%
9-Aug-21,0.00%,,-,,6.58%,,16.85%,,23.24%,,46.41%,,57.03%,,68.84%,,81.03%,,81.63%,,80.40%
10-Aug-21,0.00%,,-,,6.90%,,17.33%,,23.84%,,47.11%,,57.65%,,69.32%,,81.36%,,81.92%,,80.69%
11-Aug-21,0.00%,,-,,7.53%,,17.94%,,24.60%,,47.95%,,58.40%,,69.89%,,81.74%,,82.28%,,81.03%
12-Aug-21,0.00%,,-,,8.17%,,18.54%,,25.37%,,48.73%,,59.11%,,70.44%,,82.12%,,82.64%,,81.36%
13-Aug-21,0.00%,,-,,8.71%,,19.16%,,26.18%,,49.54%,,59.84%,,71.00%,,82.51%,,83.00%,,81.66%
14-Aug-21,0.00%,,-,,9.24%,,19.86%,,27.06%,,50.41%,,60.59%,,71.53%,,82.85%,,83.34%,,82.02%
15-Aug-21,0.00%,,-,,9.62%,,20.32%,,27.65%,,50.97%,,61.05%,,71.79%,,83.01%,,83.49%,,82.19%
16-Aug-21,0.00%,,-,,9.94%,,20.67%,,28.05%,,51.34%,,61.33%,,71.90%,,83.08%,,83.56%,,82.29%
17-Aug-21,0.00%,,-,,10.43%,,21.48%,,29.04%,,52.20%,,62.06%,,72.40%,,83.41%,,83.86%,,82.58%
18-Aug-21,0.00%,,-,,10.91%,,22.27%,,30.00%,,53.01%,,62.78%,,72.92%,,83.77%,,84.21%,,82.91%
19-Aug-21,0.00%,,-,,11.54%,,23.22%,,31.10%,,53.89%,,63.56%,,73.50%,,84.17%,,84.57%,,83.25%
20-Aug-21,0.00%,,-,,12.17%,,24.19%,,32.19%,,54.73%,,64.29%,,74.05%,,84.56%,,84.92%,,83.55%
21-Aug-21,0.00%,,-,,12.91%,,25.18%,,33.36%,,55.60%,,65.05%,,74.60%,,84.91%,,85.25%,,83.86%
22-Aug-21,0.00%,,-,,13.47%,,25.88%,,34.19%,,56.19%,,65.52%,,74.84%,,85.06%,,85.39%,,84.03%
23-Aug-21,0.00%,,-,,14.01%,,26.54%,,34.96%,,56.62%,,65.84%,,74.97%,,85.13%,,85.47%,,84.11%
24-Aug-21,0.00%,,-,,14.83%,,27.53%,,36.12%,,57.43%,,66.55%,,75.49%,,85.47%,,85.80%,,84.39%
25-Aug-21,0.00%,,-,,15.65%,,28.53%,,37.28%,,58.28%,,67.28%,,76.04%,,85.84%,,86.14%,,84.69%
26-Aug-21,0.00%,,-,,16.63%,,29.64%,,38.60%,,59.18%,,68.04%,,76.61%,,86.22%,,86.49%,,85.02%
27-Aug-21,0.00%,,-,,17.41%,,30.57%,,39.70%,,59.99%,,68.74%,,77.17%,,86.60%,,86.85%,,85.36%
28-Aug-21,0.00%,,-,,18.45%,,31.64%,,40.97%,,60.86%,,69.46%,,77.71%,,86.94%,,87.17%,,85.66%
29-Aug-21,0.00%,,-,,19.31%,,32.44%,,42.00%,,61.50%,,69.95%,,77.97%,,87.09%,,87.33%,,85.81%
30-Aug-21,0.00%,,-,,20.30%,,33.24%,,42.89%,,62.02%,,70.28%,,78.09%,,87.16%,,87.40%,,85.90%
31-Aug-21,0.00%,,-,,21.37%,,34.20%,,43.84%,,62.80%,,70.90%,,78.56%,,87.47%,,87.68%,,86.17%
1-Sep-21,0.00%,,-,,22.61%,,35.48%,,45.20%,,63.68%,,71.60%,,79.08%,,87.82%,,88.01%,,86.48%
2-Sep-21,0.00%,,-,,24.01%,,36.81%,,46.56%,,64.50%,,72.26%,,79.58%,,88.17%,,88.32%,,86.78%
3-Sep-21,0.00%,,-,,24.60%,,37.94%,,47.72%,,65.23%,,72.90%,,80.10%,,88.53%,,88.64%,,87.12%
4-Sep-21,0.00%,,-,,25.82%,,39.14%,,48.95%,,65.98%,,73.54%,,80.60%,,88.86%,,88.92%,,87.42%
5-Sep-21,0.00%,,-,,27.10%,,40.07%,,49.91%,,66.52%,,73.97%,,80.83%,,89.00%,,89.05%,,87.56%
6-Sep-21,0.00%,,-,,27.95%,,40.80%,,50.59%,,66.84%,,74.22%,,80.93%,,89.06%,,89.11%,,87.63%
7-Sep-21,0.00%,,-,,28.94%,,41.67%,,51.52%,,67.44%,,74.75%,,81.41%,,89.38%,,89.41%,,87.91%
8-Sep-21,0.00%,,-,,30.21%,,42.71%,,52.58%,,68.06%,,75.30%,,81.90%,,89.73%,,89.73%,,88.21%
9-Sep-21,0.00%,,-,,31.65%,,43.93%,,53.76%,,68.70%,,75.84%,,82.38%,,90.08%,,90.08%,,88.58%
10-Sep-21,0.00%,,-,,33.07%,,45.14%,,54.93%,,69.34%,,76.39%,,82.87%,,90.43%,,90.43%,,88.94%
11-Sep-21,0.00%,,-,,34.39%,,46.22%,,56.02%,,69.96%,,76.92%,,83.33%,,90.73%,,90.72%,,89.21%
12-Sep-21,0.00%,,-,,35.74%,,46.97%,,56.80%,,70.38%,,77.24%,,83.53%,,90.87%,,90.86%,,89.38%
13-Sep-21,0.00%,,-,,36.69%,,47.63%,,57.44%,,70.66%,,77.44%,,83.64%,,90.93%,,90.92%,,89.47%
14-Sep-21,0.00%,,4.80%,,37.90%,,48.56%,,58.37%,,71.19%,,77.90%,,84.03%,,91.21%,,91.18%,,89.72%
15-Sep-21,0.00%,,6.23%,,39.14%,,49.50%,,59.33%,,71.77%,,78.38%,,84.43%,,91.51%,,91.48%,,89.99%
16-Sep-21,0.00%,,7.83%,,40.37%,,50.43%,,60.30%,,72.33%,,78.85%,,84.81%,,91.79%,,91.75%,,90.26%
17-Sep-21,0.00%,,9.43%,,41.60%,,51.38%,,61.27%,,72.88%,,79.32%,,85.19%,,92.06%,,92.03%,,90.52%
18-Sep-21,0.00%,,11.27%,,42.93%,,52.41%,,62.30%,,73.49%,,79.81%,,85.57%,,92.32%,,92.28%,,90.77%
19-Sep-21,0.00%,,13.04%,,44.08%,,53.15%,,63.06%,,73.90%,,80.12%,,85.75%,,92.45%,,92.40%,,90.89%
20-Sep-21,0.00%,,14.42%,,44.99%,,53.87%,,63.72%,,74.22%,,80.35%,,85.95%,,92.56%,,92.50%,,91.00%
21-Sep-21,0.00%,,16.80%,,46.44%,,54.86%,,64.62%,,74.78%,,80.80%,,86.33%,,92.84%,,92.75%,,91.23%
22-Sep-21,0.00%,,19.05%,,47.84%,,55.86%,,65.55%,,75.33%,,81.24%,,86.71%,,93.12%,,93.01%,,91.48%
23-Sep-21,0.00%,,21.31%,,49.28%,,56.95%,,66.52%,,75.89%,,81.70%,,87.09%,,93.39%,,93.27%,,91.72%
24-Sep-21,0.00%,,23.64%,,50.71%,,58.04%,,67.49%,,76.47%,,82.19%,,87.48%,,93.66%,,93.54%,,92.00%
25-Sep-21,0.00%,,25.63%,,51.91%,,58.94%,,68.29%,,76.95%,,82.57%,,87.77%,,93.87%,,93.74%,,92.18%
26-Sep-21,0.00%,,27.41%,,52.87%,,59.55%,,68.90%,,77.30%,,82.83%,,87.93%,,93.98%,,93.85%,,92.29%
27-Sep-21,0.00%,,28.49%,,53.54%,,60.11%,,69.37%,,77.52%,,83.01%,,88.02%,,94.04%,,93.93%,,92.38%
28-Sep-21,0.00%,,30.78%,,54.76%,,60.99%,,70.12%,,77.99%,,83.39%,,88.30%,,94.25%,,94.13%,,92.58%
29-Sep-21,0.00%,,33.19%,,56.06%,,61.90%,,70.91%,,78.49%,,83.82%,,88.62%,,94.49%,,94.36%,,92.80%
30-Sep-21,0.00%,,35.44%,,57.29%,,62.76%,,71.65%,,78.97%,,84.22%,,88.92%,,94.72%,,94.59%,,93.01%
1-Oct-21,0.00%,,37.92%,,58.62%,,63.66%,,72.43%,,79.50%,,84.66%,,89.26%,,94.98%,,94.83%,,93.23%
2-Oct-21,0.00%,,40.12%,,59.73%,,64.46%,,73.15%,,79.99%,,85.05%,,89.59%,,95.22%,,95.06%,,93.43%
3-Oct-21,0.00%,,41.65%,,60.50%,,65.02%,,73.64%,,80.30%,,85.29%,,89.76%,,95.33%,,95.18%,,93.54%
4-Oct-21,0.00%,,42.52%,,61.04%,,65.47%,,73.99%,,80.49%,,85.42%,,89.85%,,95.39%,,95.25%,,93.64%
5-Oct-21,0.00%,,43.73%,,61.72%,,65.98%,,74.42%,,80.77%,,85.65%,,90.04%,,95.52%,,95.39%,,93.77%
6-Oct-21,0.00%,,45.67%,,62.79%,,66.76%,,75.08%,,81.24%,,86.04%,,90.37%,,95.77%,,95.62%,,93.99%
7-Oct-21,0.00%,,47.38%,,63.82%,,67.51%,,75.72%,,81.69%,,86.42%,,90.69%,,96.02%,,95.87%,,94.22%
8-Oct-21,0.00%,,48.98%,,64.75%,,68.23%,,76.32%,,82.13%,,86.79%,,90.99%,,96.25%,,96.09%,,94.45%
9-Oct-21,0.00%,,50.41%,,65.61%,,68.89%,,76.91%,,82.56%,,87.14%,,91.26%,,96.45%,,96.30%,,94.62%
10-Oct-21,0.00%,,51.46%,,66.24%,,69.34%,,77.30%,,82.82%,,87.34%,,91.39%,,96.55%,,96.41%,,94.76%
11-Oct-21,0.00%,,52.21%,,66.71%,,69.69%,,77.58%,,82.99%,,87.46%,,91.46%,,96.60%,,96.47%,,94.83%
12-Oct-21,0.00%,,53.40%,,67.51%,,70.28%,,78.07%,,83.36%,,87.76%,,91.70%,,96.78%,,96.64%,,95.00%
13-Oct-21,0.00%,,54.53%,,68.31%,,70.90%,,78.61%,,83.75%,,88.08%,,91.96%,,96.98%,,96.84%,,95.21%
14-Oct-21,0.00%,,55.49%,,69.05%,,71.48%,,79.09%,,84.11%,,88.37%,,92.19%,,97.16%,,97.04%,,95.40%
15-Oct-21,0.00%,,56.47%,,69.74%,,72.06%,,79.59%,,84.48%,,88.68%,,92.42%,,97.34%,,97.22%,,95.60%
16-Oct-21,0.00%,,57.37%,,70.35%,,72.62%,,80.08%,,84.84%,,88.96%,,92.62%,,97.50%,,97.40%,,95.77%
17-Oct-21,0.00%,,58.08%,,70.79%,,72.94%,,80.35%,,85.02%,,89.11%,,92.72%,,97.57%,,97.49%,,95.88%
18-Oct-21,0.00%,,58.68%,,71.14%,,73.28%,,80.59%,,85.16%,,89.21%,,92.79%,,97.61%,,97.54%,,95.95%
19-Oct-21,0.00%,,59.59%,,71.76%,,73.76%,,81.00%,,85.47%,,89.46%,,92.98%,,97.77%,,97.71%,,96.14%
20-Oct-21,0.00%,,60.37%,,72.34%,,74.28%,,81.43%,,85.77%,,89.71%,,93.18%,,97.93%,,97.89%,,96.33%
21-Oct-21,0.00%,,61.13%,,72.90%,,74.80%,,81.87%,,86.08%,,89.96%,,93.38%,,98.09%,,98.06%,,96.51%
22-Oct-21,0.00%,,61.85%,,73.39%,,75.33%,,82.30%,,86.40%,,90.21%,,93.56%,,98.25%,,98.22%,,96.72%
23-Oct-21,0.00%,,62.55%,,73.86%,,75.76%,,82.71%,,86.71%,,90.46%,,93.74%,,98.38%,,98.36%,,96.91%
24-Oct-21,0.00%,,63.18%,,74.25%,,76.07%,,82.97%,,86.91%,,90.60%,,93.84%,,98.45%,,98.45%,,97.02%
25-Oct-21,0.00%,,63.80%,,74.63%,,76.31%,,83.18%,,87.06%,,90.71%,,93.90%,,98.49%,,98.50%,,97.09%
26-Oct-21,0.00%,,64.49%,,75.14%,,76.73%,,83.54%,,87.34%,,90.92%,,94.06%,,98.63%,,98.64%,,97.27%
27-Oct-21,0.00%,,65.10%,,75.64%,,77.12%,,83.88%,,87.60%,,91.12%,,94.21%,,98.76%,,98.79%,,97.44%
28-Oct-21,0.00%,,65.66%,,76.11%,,77.47%,,84.20%,,87.85%,,91.32%,,94.37%,,98.88%,,98.93%,,97.61%
29-Oct-21,0.00%,,66.24%,,76.55%,,77.83%,,84.53%,,88.10%,,91.53%,,94.52%,,99.00%,,99.08%,,97.78%
30-Oct-21,0.00%,,66.77%,,76.90%,,78.14%,,84.82%,,88.32%,,91.71%,,94.64%,,99.10%,,99.19%,,97.92%
31-Oct-21,0.00%,,67.19%,,77.16%,,78.34%,,85.00%,,88.45%,,91.80%,,94.71%,,99.15%,,99.26%,,98.02%
1-Nov-21,0.00%,,67.48%,,77.34%,,78.49%,,85.13%,,88.54%,,91.86%,,94.75%,,99.18%,,99.31%,,98.09%
2-Nov-21,0.00%,,68.01%,,77.69%,,78.79%,,85.39%,,88.73%,,92.01%,,94.86%,,99.27%,,99.41%,,98.23%
3-Nov-21,0.00%,,68.37%,,78.00%,,79.03%,,85.60%,,88.89%,,92.13%,,94.94%,,99.34%,,99.50%,,98.34%
4-Nov-21,0.00%,,68.71%,,78.31%,,79.26%,,85.81%,,89.04%,,92.25%,,95.04%,,99.43%,,99.60%,,98.50%
5-Nov-21,0.00%,,69.14%,,78.62%,,79.51%,,86.03%,,89.21%,,92.38%,,95.13%,,99.51%,,99.71%,,98.65%
6-Nov-21,0.00%,,69.60%,,78.93%,,79.78%,,86.27%,,89.38%,,92.51%,,95.23%,,99.59%,,99.82%,,98.79%
7-Nov-21,0.00%,,69.90%,,79.13%,,79.93%,,86.40%,,89.47%,,92.57%,,95.28%,,99.63%,,99.87%,,98.89%
8-Nov-21,0.00%,,70.10%,,79.29%,,80.05%,,86.50%,,89.52%,,92.61%,,95.31%,,99.66%,,99.91%,,98.96%
9-Nov-21,0.00%,,70.46%,,79.57%,,80.28%,,86.70%,,89.66%,,92.71%,,95.39%,,99.72%,,99.99%,,99.08%
10-Nov-21,0.00%,,70.75%,,79.86%,,80.51%,,86.90%,,89.80%,,92.82%,,95.47%,,99.80%,,100.08%,,99.20%
11-Nov-21,0.00%,,71.09%,,80.25%,,80.82%,,87.14%,,89.97%,,92.94%,,95.56%,,99.87%,,100.18%,,99.33%
12-Nov-21,0.00%,,71.46%,,80.67%,,81.17%,,87.42%,,90.17%,,93.08%,,95.65%,,99.95%,,100.27%,,99.47%
13-Nov-21,0.00%,,71.83%,,81.08%,,81.52%,,87.70%,,90.36%,,93.21%,,95.73%,,100.02%,,100.36%,,99.57%
14-Nov-21,0.00%,,72.10%,,81.36%,,81.72%,,87.85%,,90.47%,,93.28%,,95.78%,,100.05%,,100.41%,,99.66%
15-Nov-21,0.00%,,72.29%,,81.60%,,81.88%,,87.97%,,90.54%,,93.33%,,95.80%,,100.08%,,100.45%,,99.73%
16-Nov-21,0.00%,,72.61%,,82.01%,,82.20%,,88.21%,,90.71%,,93.45%,,95.88%,,100.14%,,100.51%,,99.85%
17-Nov-21,0.00%,,72.89%,,82.40%,,82.50%,,88.43%,,90.87%,,93.56%,,95.97%,,100.21%,,100.60%,,99.96%
18-Nov-21,0.00%,,73.12%,,82.76%,,82.78%,,88.65%,,91.02%,,93.67%,,96.05%,,100.27%,,100.69%,,100.08%
19-Nov-21,0.00%,,73.44%,,83.10%,,83.06%,,88.86%,,91.17%,,93.78%,,96.12%,,100.33%,,100.78%,,100.20%
20-Nov-21,0.00%,,73.76%,,83.37%,,83.30%,,89.06%,,91.32%,,93.88%,,96.19%,,100.39%,,100.85%,,100.31%
21-Nov-21,0.00%,,73.98%,,83.56%,,83.44%,,89.18%,,91.40%,,93.93%,,96.23%,,100.42%,,100.90%,,100.39%
22-Nov-21,0.00%,,74.02%,,83.63%,,83.50%,,89.23%,,91.42%,,93.95%,,96.25%,,100.44%,,100.93%,,100.45%
23-Nov-21,0.00%,,74.48%,,84.00%,,83.80%,,89.45%,,91.58%,,94.06%,,96.32%,,100.50%,,101.01%,,100.54%
24-Nov-21,0.00%,,74.73%,,84.28%,,84.02%,,89.62%,,91.70%,,94.15%,,96.39%,,100.57%,,101.08%,,100.67%
25-Nov-21,0.00%,,74.98%,,84.57%,,84.23%,,89.79%,,91.83%,,94.24%,,96.45%,,100.62%,,101.15%,,100.80%
26-Nov-21,0.00%,,75.24%,,84.81%,,84.43%,,89.96%,,91.94%,,94.33%,,96.51%,,100.68%,,101.24%,,100.91%
27-Nov-21,0.00%,,75.51%,,85.02%,,84.62%,,90.12%,,92.06%,,94.42%,,96.57%,,100.73%,,101.30%,,101.03%
28-Nov-21,0.00%,,75.66%,,85.15%,,84.71%,,90.20%,,92.12%,,94.45%,,96.60%,,100.75%,,101.34%,,101.11%
29-Nov-21,0.00%,,75.74%,,85.25%,,84.79%,,90.26%,,92.16%,,94.48%,,96.61%,,100.77%,,101.38%,,101.17%
30-Nov-21,0.00%,,75.95%,,85.48%,,84.97%,,90.40%,,92.25%,,94.55%,,96.67%,,100.82%,,101.44%,,101.27%
1-Dec-21,0.00%,,76.11%,,85.72%,,85.12%,,90.52%,,92.35%,,94.62%,,96.72%,,100.87%,,101.51%,,101.38%
2-Dec-21,0.00%,,76.27%,,85.94%,,85.26%,,90.64%,,92.44%,,94.69%,,96.77%,,100.91%,,101.57%,,101.49%
3-Dec-21,0.00%,,76.43%,,86.11%,,85.40%,,90.75%,,92.52%,,94.76%,,96.82%,,100.96%,,101.65%,,101.61%
4-Dec-21,0.00%,,76.60%,,86.27%,,85.53%,,90.86%,,92.61%,,94.82%,,96.87%,,101.01%,,101.71%,,101.73%
5-Dec-21,0.00%,,76.68%,,86.37%,,85.60%,,90.92%,,92.65%,,94.84%,,96.89%,,101.03%,,101.75%,,101.80%
6-Dec-21,0.00%,,76.71%,,86.44%,,85.65%,,90.97%,,92.67%,,94.86%,,96.91%,,101.05%,,101.78%,,101.86%
7-Dec-21,0.00%,,76.85%,,86.61%,,85.77%,,91.06%,,92.74%,,94.92%,,96.95%,,101.08%,,101.84%,,101.95%
8-Dec-21,0.00%,,76.97%,,86.80%,,85.88%,,91.15%,,92.81%,,94.97%,,96.99%,,101.12%,,101.90%,,102.03%
9-Dec-21,0.00%,,77.09%,,86.99%,,86.00%,,91.25%,,92.89%,,95.03%,,97.04%,,101.16%,,101.96%,,102.14%
10-Dec-21,0.00%,,77.23%,,87.14%,,86.13%,,91.35%,,92.96%,,95.09%,,97.08%,,101.20%,,102.03%,,102.24%
11-Dec-21,0.00%,,77.37%,,87.24%,,86.22%,,91.44%,,93.03%,,95.14%,,97.12%,,101.24%,,102.09%,,102.35%
12-Dec-21,0.00%,,77.44%,,87.33%,,86.27%,,91.49%,,93.07%,,95.16%,,97.14%,,101.26%,,102.13%,,102.43%
13-Dec-21,0.00%,,77.43%,,87.36%,,86.29%,,91.52%,,93.07%,,95.17%,,97.15%,,101.28%,,102.16%,,102.49%
14-Dec-21,0.00%,,77.62%,,87.56%,,86.44%,,91.63%,,93.15%,,95.23%,,97.20%,,101.32%,,102.21%,,102.58%
15-Dec-21,0.00%,,77.77%,,87.75%,,86.55%,,91.73%,,93.23%,,95.29%,,97.25%,,101.36%,,102.28%,,102.68%
16-Dec-21,0.00%,,77.92%,,87.94%,,86.67%,,91.83%,,93.31%,,95.36%,,97.29%,,101.40%,,102.34%,,102.77%
17-Dec-21,0.00%,,78.09%,,88.09%,,86.79%,,91.94%,,93.40%,,95.42%,,97.34%,,101.44%,,102.41%,,102.87%
18-Dec-21,0.00%,,78.30%,,88.23%,,86.92%,,92.05%,,93.48%,,95.48%,,97.38%,,101.49%,,102.47%,,102.99%
19-Dec-21,0.00%,,78.38%,,88.33%,,86.98%,,92.12%,,93.52%,,95.51%,,97.40%,,101.51%,,102.50%,,103.06%
20-Dec-21,0.00%,,78.42%,,88.40%,,87.04%,,92.17%,,93.55%,,95.53%,,97.42%,,101.53%,,102.53%,,103.12%
21-Dec-21,0.00%,,78.63%,,88.53%,,87.15%,,92.26%,,93.61%,,95.58%,,97.46%,,101.57%,,102.58%,,103.21%
22-Dec-21,0.00%,,78.82%,,88.70%,,87.25%,,92.34%,,93.68%,,95.63%,,97.51%,,101.61%,,102.64%,,103.28%
23-Dec-21,0.00%,,79.00%,,88.87%,,87.34%,,92.43%,,93.74%,,95.68%,,97.55%,,101.65%,,102.70%,,103.39%
24-Dec-21,0.00%,,79.18%,,88.98%,,87.44%,,92.52%,,93.80%,,95.73%,,97.59%,,101.69%,,102.75%,,103.48%
25-Dec-21,0.00%,,79.18%,,88.98%,,87.44%,,92.52%,,93.80%,,95.73%,,97.59%,,101.69%,,102.75%,,103.48%
26-Dec-21,0.00%,,79.18%,,88.98%,,87.44%,,92.52%,,93.80%,,95.73%,,97.59%,,101.69%,,102.75%,,103.48%
27-Dec-21,0.00%,,79.22%,,89.07%,,87.50%,,92.60%,,93.86%,,95.77%,,97.63%,,101.75%,,102.84%,,103.68%
28-Dec-21,0.00%,,79.21%,,89.09%,,87.52%,,92.62%,,93.87%,,95.78%,,97.64%,,101.77%,,102.87%,,103.74%
29-Dec-21,0.00%,,79.20%,,89.15%,,87.55%,,92.63%,,93.89%,,95.79%,,97.66%,,101.79%,,102.90%,,103.79%
30-Dec-21,0.00%,,79.29%,,89.26%,,87.61%,,92.70%,,93.94%,,95.83%,,97.69%,,101.82%,,102.94%,,103.87%
31-Dec-21,0.00%,,79.42%,,89.35%,,87.68%,,92.78%,,94.00%,,95.88%,,97.73%,,101.85%,,102.98%,,103.95%
1-Jan-22,0.00%,,79.42%,,89.35%,,87.68%,,92.78%,,94.00%,,95.88%,,97.73%,,101.85%,,102.98%,,103.95%
2-Jan-22,0.00%,,79.42%,,89.35%,,87.68%,,92.78%,,94.00%,,95.88%,,97.73%,,101.85%,,102.98%,,103.95%
3-Jan-22,0.00%,,79.47%,,89.42%,,87.74%,,92.88%,,94.07%,,95.93%,,97.79%,,101.93%,,103.10%,,104.24%
4-Jan-22,0.00%,,79.46%,,89.44%,,87.77%,,92.89%,,94.09%,,95.94%,,97.81%,,101.94%,,103.14%,,104.29%
5-Jan-22,0.00%,,79.54%,,89.55%,,87.84%,,92.95%,,94.13%,,95.98%,,97.84%,,101.98%,,103.19%,,104.36%
6-Jan-22,0.00%,,79.68%,,89.66%,,87.91%,,93.02%,,94.18%,,96.02%,,97.87%,,102.01%,,103.23%,,104.45%
7-Jan-22,0.00%,,79.84%,,89.73%,,87.99%,,93.10%,,94.23%,,96.06%,,97.91%,,102.05%,,103.28%,,104.55%
8-Jan-22,0.00%,,80.01%,,89.80%,,88.07%,,93.18%,,94.29%,,96.10%,,97.95%,,102.08%,,103.33%,,104.64%
9-Jan-22,0.00%,,80.10%,,89.85%,,88.11%,,93.23%,,94.31%,,96.12%,,97.97%,,102.11%,,103.36%,,104.72%
10-Jan-22,0.00%,,80.11%,,89.89%,,88.14%,,93.26%,,94.32%,,96.13%,,97.99%,,102.13%,,103.39%,,104.78%
11-Jan-22,1.55%,,80.35%,,89.96%,,88.21%,,93.32%,,94.37%,,96.17%,,98.03%,,102.16%,,103.45%,,104.86%
12-Jan-22,3.78%,,80.58%,,90.08%,,88.28%,,93.39%,,94.42%,,96.21%,,98.07%,,102.20%,,103.50%,,104.95%
13-Jan-22,6.22%,,80.81%,,90.19%,,88.35%,,93.45%,,94.47%,,96.25%,,98.11%,,102.24%,,103.56%,,105.05%
14-Jan-22,8.68%,,81.06%,,90.26%,,88.42%,,93.52%,,94.52%,,96.29%,,98.14%,,102.28%,,103.62%,,105.16%
15-Jan-22,11.23%,,81.30%,,90.33%,,88.49%,,93.60%,,94.57%,,96.33%,,98.19%,,102.33%,,103.68%,,105.27%
16-Jan-22,12.96%,,81.40%,,90.38%,,88.53%,,93.65%,,94.60%,,96.35%,,98.21%,,102.36%,,103.71%,,105.35%
17-Jan-22,14.17%,,81.45%,,90.42%,,88.55%,,93.68%,,94.61%,,96.36%,,98.23%,,102.38%,,103.75%,,105.41%
18-Jan-22,16.67%,,81.65%,,90.50%,,88.63%,,93.74%,,94.66%,,96.40%,,98.27%,,102.42%,,103.80%,,105.55%
19-Jan-22,19.12%,,81.86%,,90.61%,,88.69%,,93.80%,,94.70%,,96.44%,,98.31%,,102.46%,,103.86%,,105.66%
20-Jan-22,21.62%,,82.07%,,90.72%,,88.75%,,93.86%,,94.75%,,96.48%,,98.35%,,102.50%,,103.91%,,105.78%
21-Jan-22,24.09%,,82.31%,,90.78%,,88.81%,,93.92%,,94.79%,,96.52%,,98.39%,,102.54%,,103.98%,,105.89%
22-Jan-22,26.50%,,82.53%,,90.82%,,88.86%,,93.97%,,94.83%,,96.55%,,98.42%,,102.58%,,104.03%,,106.00%
23-Jan-22,28.01%,,82.61%,,90.85%,,88.88%,,94.00%,,94.84%,,96.56%,,98.43%,,102.60%,,104.07%,,106.07%
24-Jan-22,29.09%,,82.64%,,90.87%,,88.90%,,94.02%,,94.85%,,96.57%,,98.45%,,102.62%,,104.10%,,106.14%
25-Jan-22,31.34%,,82.83%,,90.94%,,88.94%,,94.05%,,94.88%,,96.60%,,98.47%,,102.65%,,104.15%,,106.25%
26-Jan-22,33.44%,,83.04%,,91.01%,,88.99%,,94.09%,,94.92%,,96.63%,,98.50%,,102.69%,,104.20%,,106.36%
27-Jan-22,34.07%,,83.06%,,91.06%,,89.00%,,94.10%,,94.93%,,96.64%,,98.52%,,102.71%,,104.23%,,106.43%
28-Jan-22,35.98%,,83.26%,,91.12%,,89.03%,,94.14%,,94.95%,,96.67%,,98.54%,,102.74%,,104.28%,,106.52%
29-Jan-22,37.92%,,83.46%,,91.15%,,89.08%,,94.18%,,94.98%,,96.69%,,98.57%,,102.77%,,104.33%,,106.63%
30-Jan-22,39.12%,,83.53%,,91.18%,,89.09%,,94.21%,,95.00%,,96.70%,,98.58%,,102.79%,,104.36%,,106.70%
31-Jan-22,39.80%,,83.55%,,91.19%,,89.11%,,94.23%,,95.00%,,96.70%,,98.60%,,102.81%,,104.40%,,106.77%
1-Feb-22,41.00%,,83.66%,,91.25%,,89.15%,,94.27%,,95.03%,,96.73%,,98.62%,,102.84%,,104.44%,,106.85%
2-Feb-22,41.88%,,83.73%,,91.33%,,89.20%,,94.30%,,95.06%,,96.75%,,98.65%,,102.87%,,104.49%,,106.95%
3-Feb-22,42.67%,,83.81%,,91.42%,,89.23%,,94.34%,,95.09%,,96.78%,,98.68%,,102.90%,,104.54%,,107.04%
4-Feb-22,43.41%,,83.92%,,91.45%,,89.27%,,94.38%,,95.11%,,96.81%,,98.70%,,102.93%,,104.59%,,107.13%
5-Feb-22,44.15%,,84.03%,,91.48%,,89.31%,,94.41%,,95.14%,,96.83%,,98.72%,,102.96%,,104.63%,,107.22%
6-Feb-22,44.69%,,84.06%,,91.50%,,89.32%,,94.44%,,95.15%,,96.83%,,98.73%,,102.98%,,104.66%,,107.29%
7-Feb-22,44.99%,,84.06%,,91.51%,,89.33%,,94.46%,,95.15%,,96.84%,,98.74%,,103.00%,,104.69%,,107.36%
8-Feb-22,45.49%,,84.11%,,91.56%,,89.37%,,94.48%,,95.17%,,96.86%,,98.77%,,103.02%,,104.74%,,107.44%
9-Feb-22,45.97%,,84.16%,,91.64%,,89.41%,,94.51%,,95.19%,,96.88%,,98.79%,,103.05%,,104.78%,,107.53%
10-Feb-22,46.40%,,84.21%,,91.71%,,89.44%,,94.54%,,95.22%,,96.90%,,98.81%,,103.08%,,104.83%,,107.62%
11-Feb-22,,,84.29%,,91.74%,,89.48%,,94.57%,,95.24%,,96.92%,,98.83%,,103.10%,,104.87%,,107.72%
12-Feb-22,,,84.36%,,91.76%,,89.51%,,94.60%,,95.26%,,96.94%,,98.85%,,103.13%,,104.92%,,107.81%
13-Feb-22,,,84.38%,,91.77%,,89.52%,,94.62%,,95.27%,,96.94%,,98.86%,,103.15%,,104.94%,,107.88%
14-Feb-22,,,84.37%,,91.79%,,89.53%,,94.64%,,95.27%,,96.94%,,98.87%,,103.16%,,104.97%,,107.95%
15-Feb-22,,,84.40%,,91.83%,,89.56%,,94.66%,,95.29%,,96.96%,,98.89%,,103.19%,,105.01%,,108.04%
16-Feb-22,,,84.43%,,91.89%,,89.59%,,94.68%,,95.31%,,96.98%,,98.91%,,103.21%,,105.06%,,108.11%
17-Feb-22,,,84.46%,,91.95%,,89.62%,,94.70%,,95.33%,,97.00%,,98.93%,,103.23%,,105.09%,,108.21%
18-Feb-22,,,84.51%,,91.98%,,89.65%,,94.73%,,95.35%,,97.02%,,98.94%,,103.26%,,105.14%,,108.29%
19-Feb-22,,,84.57%,,91.99%,,89.69%,,94.77%,,95.38%,,97.05%,,98.96%,,103.29%,,105.18%,,108.36%
20-Feb-22,,,84.58%,,92.01%,,89.71%,,94.79%,,95.39%,,97.05%,,98.98%,,103.31%,,105.21%,,108.43%
21-Feb-22,,,84.56%,,92.03%,,89.71%,,94.81%,,95.40%,,97.06%,,98.99%,,103.32%,,105.24%,,108.50%
22-Feb-22,,,84.59%,,92.07%,,89.76%,,94.85%,,95.43%,,97.09%,,99.02%,,103.35%,,105.28%,,108.58%
23-Feb-22,,,84.62%,,92.14%,,89.81%,,94.89%,,95.47%,,97.13%,,99.06%,,103.38%,,105.32%,,108.66%
24-Feb-22,,,84.64%,,92.22%,,89.85%,,94.93%,,95.50%,,97.15%,,99.09%,,103.41%,,105.36%,,108.75%
25-Feb-22,,,84.69%,,92.25%,,89.90%,,94.97%,,95.53%,,97.18%,,99.11%,,103.44%,,105.40%,,108.83%
26-Feb-22,,,84.74%,,92.26%,,89.93%,,95.00%,,95.56%,,97.21%,,99.14%,,103.48%,,105.44%,,108.92%
27-Feb-22,,,84.74%,,92.28%,,89.95%,,95.03%,,95.57%,,97.22%,,99.15%,,103.50%,,105.47%,,108.98%
28-Feb-22,,,84.71%,,92.29%,,89.95%,,95.04%,,95.57%,,97.22%,,99.16%,,103.51%,,105.51%,,109.05%
1-Mar-22,,,84.72%,,92.32%,,89.97%,,95.09%,,95.57%,,97.28%,,99.17%,,103.57%,,105.54%,,109.19%
2-Mar-22,,,84.74%,,92.37%,,89.99%,,95.11%,,95.59%,,97.30%,,99.19%,,103.60%,,105.58%,,109.26%
3-Mar-22,,,84.75%,,92.43%,,90.01%,,95.14%,,95.61%,,97.32%,,99.21%,,103.63%,,105.62%,,109.33%
4-Mar-22,,,84.80%,,92.45%,,90.03%,,95.16%,,95.64%,,97.33%,,99.23%,,103.65%,,105.66%,,109.40%
5-Mar-22,,,84.85%,,92.44%,,90.05%,,95.19%,,95.67%,,97.35%,,99.25%,,103.67%,,105.71%,,109.49%
6-Mar-22,,,84.85%,,92.45%,,90.06%,,95.20%,,95.67%,,97.36%,,99.27%,,103.69%,,105.74%,,109.55%
7-Mar-22,,,84.82%,,92.45%,,90.08%,,95.21%,,95.67%,,97.36%,,99.28%,,103.71%,,105.77%,,109.62%
8-Mar-22,,,84.82%,,92.46%,,90.10%,,95.23%,,95.68%,,97.38%,,99.29%,,103.73%,,105.80%,,109.68%
9-Mar-22,,,84.83%,,92.52%,,90.12%,,95.25%,,95.70%,,97.40%,,99.32%,,103.75%,,105.84%,,109.75%
10-Mar-22,,,84.84%,,92.57%,,90.14%,,95.26%,,95.72%,,97.41%,,99.33%,,103.78%,,105.87%,,109.83%
11-Mar-22,,,84.88%,,92.57%,,90.15%,,95.29%,,95.73%,,97.43%,,99.35%,,103.80%,,105.91%,,109.91%
12-Mar-22,,,84.92%,,92.56%,,90.17%,,95.31%,,95.75%,,97.44%,,99.36%,,103.83%,,105.94%,,109.99%
13-Mar-22,,,84.91%,,92.57%,,90.18%,,95.32%,,95.75%,,97.44%,,99.37%,,103.84%,,105.97%,,110.05%
14-Mar-22,,,84.88%,,92.58%,,90.19%,,95.33%,,95.75%,,97.45%,,99.38%,,103.86%,,106.00%,,110.11%
15-Mar-22,,,84.87%,,92.59%,,90.21%,,95.34%,,95.76%,,97.46%,,99.39%,,103.88%,,106.03%,,110.19%
16-Mar-22,,,84.88%,,92.63%,,90.23%,,95.36%,,95.78%,,97.47%,,99.41%,,103.90%,,106.06%,,110.27%
17-Mar-22,,,84.89%,,92.68%,,90.24%,,95.38%,,95.79%,,97.49%,,99.43%,,103.92%,,106.10%,,110.33%
18-Mar-22,,,84.92%,,92.68%,,90.26%,,95.40%,,95.81%,,97.50%,,99.44%,,103.94%,,106.14%,,110.40%
19-Mar-22,,,84.95%,,92.68%,,90.27%,,95.42%,,95.83%,,97.51%,,99.46%,,103.97%,,106.17%,,110.48%
20-Mar-22,,,84.94%,,92.69%,,90.28%,,95.43%,,95.83%,,97.51%,,99.47%,,103.98%,,106.20%,,110.55%
21-Mar-22,,,84.91%,,92.69%,,90.29%,,95.43%,,95.83%,,97.52%,,99.48%,,104.00%,,106.23%,,110.61%
22-Mar-22,,,84.91%,,92.71%,,90.31%,,95.45%,,95.84%,,97.54%,,99.50%,,104.02%,,106.27%,,110.68%
23-Mar-22,,,84.91%,,92.75%,,90.32%,,95.46%,,95.85%,,97.55%,,99.52%,,104.03%,,106.30%,,110.76%
24-Mar-22,,,84.90%,,92.80%,,90.32%,,95.48%,,95.86%,,97.56%,,99.53%,,104.05%,,106.34%,,110.83%
25-Mar-22,,,84.93%,,92.80%,,90.34%,,95.50%,,95.88%,,97.58%,,99.54%,,104.07%,,106.37%,,110.91%
26-Mar-22,,,84.97%,,92.78%,,90.35%,,95.51%,,95.90%,,97.58%,,99.56%,,104.09%,,106.41%,,110.98%
27-Mar-22,,,84.95%,,92.78%,,90.36%,,95.52%,,95.90%,,97.59%,,99.57%,,104.11%,,106.43%,,111.05%
28-Mar-22,,,84.92%,,92.77%,,90.37%,,95.53%,,95.89%,,97.60%,,99.58%,,104.13%,,106.46%,,111.11%
29-Mar-22,,,84.93%,,92.81%,,90.38%,,95.54%,,95.91%,,97.61%,,99.60%,,104.15%,,106.50%,,111.18%
30-Mar-22,,,84.93%,,92.84%,,90.38%,,95.55%,,95.92%,,97.62%,,99.61%,,104.16%,,106.53%,,111.23%
31-Mar-22,,,84.94%,,92.88%,,90.39%,,95.57%,,95.93%,,97.63%,,99.63%,,104.18%,,106.57%,,111.31%
1-Apr-22,,,84.96%,,92.89%,,90.39%,,95.58%,,95.94%,,97.64%,,99.64%,,104.20%,,106.60%,,111.38%
2-Apr-22,,,84.97%,,92.88%,,90.40%,,95.60%,,95.96%,,97.64%,,99.65%,,104.22%,,106.64%,,111.45%
3-Apr-22,,,84.97%,,92.89%,,90.40%,,95.61%,,95.96%,,97.64%,,99.67%,,104.23%,,106.67%,,111.52%
4-Apr-22,,,84.91%,,92.88%,,90.41%,,95.61%,,95.96%,,97.65%,,99.67%,,104.25%,,106.70%,,111.59%
5-Apr-22,,,84.89%,,92.89%,,90.43%,,95.62%,,95.97%,,97.66%,,99.69%,,104.27%,,106.73%,,111.66%
6-Apr-22,,,84.89%,,92.92%,,90.43%,,95.63%,,95.98%,,97.67%,,99.70%,,104.29%,,106.76%,,111.71%
7-Apr-22,,,84.90%,,92.96%,,90.43%,,95.64%,,95.99%,,97.68%,,99.72%,,104.31%,,106.79%,,111.79%
8-Apr-22,,,84.92%,,92.95%,,90.44%,,95.65%,,96.00%,,97.69%,,99.73%,,104.33%,,106.83%,,111.85%
9-Apr-22,,,84.94%,,92.94%,,90.45%,,95.67%,,96.01%,,97.69%,,99.74%,,104.35%,,106.87%,,111.91%
10-Apr-22,,,84.92%,,92.95%,,90.45%,,95.68%,,96.01%,,97.69%,,99.75%,,104.37%,,106.90%,,111.98%
11-Apr-22,,,84.88%,,92.95%,,90.46%,,95.68%,,96.01%,,97.70%,,99.76%,,104.38%,,106.93%,,112.05%
12-Apr-22,,,84.88%,,92.97%,,90.48%,,95.69%,,96.01%,,97.71%,,99.77%,,104.40%,,106.96%,,112.12%
13-Apr-22,,,84.87%,,93.01%,,90.48%,,95.71%,,96.02%,,97.71%,,99.79%,,104.42%,,106.99%,,112.19%
14-Apr-22,,,84.89%,,93.03%,,90.47%,,95.72%,,96.03%,,97.72%,,99.80%,,104.43%,,107.03%,,112.25%
15-Apr-22,,,84.91%,,93.02%,,90.48%,,95.73%,,96.04%,,97.73%,,99.81%,,104.45%,,107.06%,,112.33%
16-Apr-22,,,84.93%,,92.99%,,90.47%,,95.74%,,96.05%,,97.73%,,99.82%,,104.47%,,107.09%,,112.39%
17-Apr-22,,,84.92%,,92.97%,,90.47%,,95.74%,,96.05%,,97.74%,,99.83%,,104.48%,,107.12%,,112.45%
18-Apr-22,,,84.88%,,92.97%,,90.48%,,95.74%,,96.04%,,97.74%,,99.84%,,104.50%,,107.14%,,112.52%
19-Apr-22,,,84.86%,,92.98%,,90.48%,,95.74%,,96.05%,,97.74%,,99.85%,,104.51%,,107.17%,,112.58%
20-Apr-22,,,84.86%,,93.01%,,90.49%,,95.75%,,96.05%,,97.75%,,99.86%,,104.53%,,107.21%,,112.64%
21-Apr-22,,,84.86%,,93.05%,,90.49%,,95.76%,,96.06%,,97.77%,,99.87%,,104.54%,,107.24%,,112.72%
22-Apr-22,,,84.89%,,93.04%,,90.50%,,95.77%,,96.07%,,97.77%,,99.88%,,104.56%,,107.28%,,112.78%
23-Apr-22,,,84.91%,,93.02%,,90.50%,,95.78%,,96.08%,,97.78%,,99.89%,,104.57%,,107.32%,,112.85%
24-Apr-22,,,84.89%,,93.03%,,90.50%,,95.78%,,96.09%,,97.78%,,99.90%,,104.59%,,107.35%,,112.92%
25-Apr-22,,,84.86%,,93.02%,,90.50%,,95.79%,,96.08%,,97.78%,,99.91%,,104.61%,,107.38%,,112.97%
26-Apr-22,,,84.83%,,93.03%,,90.50%,,95.79%,,96.08%,,97.79%,,99.92%,,104.62%,,107.40%,,113.03%
27-Apr-22,,,84.82%,,93.06%,,90.51%,,95.80%,,96.09%,,97.79%,,99.93%,,104.64%,,107.44%,,113.09%
28-Apr-22,,,84.82%,,93.09%,,90.50%,,95.80%,,96.09%,,97.80%,,99.95%,,104.65%,,107.47%,,113.15%
29-Apr-22,,,84.84%,,93.08%,,90.51%,,95.81%,,96.10%,,97.81%,,99.96%,,104.67%,,107.51%,,113.21%
30-Apr-22,,,84.85%,,93.06%,,90.51%,,95.82%,,96.11%,,97.81%,,99.97%,,104.69%,,107.54%,,113.28%
1-May-22,,,84.83%,,93.06%,,90.51%,,95.83%,,96.12%,,97.82%,,99.97%,,104.71%,,107.57%,,113.35%
2-May-22,,,84.80%,,93.06%,,90.51%,,95.83%,,96.11%,,97.82%,,99.98%,,104.73%,,107.60%,,113.42%
3-May-22,,,84.78%,,93.06%,,90.52%,,95.83%,,96.11%,,97.83%,,99.99%,,104.74%,,107.63%,,113.48%
4-May-22,,,84.77%,,93.09%,,90.51%,,95.84%,,96.12%,,97.83%,,100.01%,,104.76%,,107.67%,,113.55%
5-May-22,,,84.77%,,93.12%,,90.51%,,95.84%,,96.13%,,97.84%,,100.02%,,104.78%,,107.70%,,113.63%
6-May-22,,,84.79%,,93.11%,,90.51%,,95.85%,,96.14%,,97.85%,,100.03%,,104.79%,,107.74%,,113.69%
7-May-22,,,84.81%,,93.09%,,90.51%,,95.86%,,96.15%,,97.85%,,100.04%,,104.81%,,107.77%,,113.75%
8-May-22,,,84.79%,,93.09%,,90.51%,,95.86%,,96.15%,,97.85%,,100.04%,,104.83%,,107.80%,,113.82%
9-May-22,,,84.76%,,93.09%,,90.51%,,95.87%,,96.14%,,97.86%,,100.05%,,104.84%,,107.83%,,113.87%
10-May-22,,,84.75%,,93.09%,,90.52%,,95.87%,,96.15%,,97.87%,,100.07%,,104.86%,,107.86%,,113.94%
11-May-22,,,84.75%,,93.12%,,90.52%,,95.88%,,96.16%,,97.87%,,100.08%,,104.87%,,107.89%,,114.01%
12-May-22,,,84.74%,,93.15%,,90.51%,,95.88%,,96.16%,,97.88%,,100.09%,,104.89%,,107.92%,,114.08%
13-May-22,,,84.75%,,93.14%,,90.51%,,95.89%,,96.17%,,97.88%,,100.10%,,104.91%,,107.96%,,114.15%
14-May-22,,,84.77%,,93.12%,,90.52%,,95.90%,,96.18%,,97.89%,,100.11%,,104.92%,,107.99%,,114.21%
15-May-22,,,84.77%,,93.12%,,90.52%,,95.90%,,96.18%,,97.89%,,100.11%,,104.92%,,107.99%,,114.21%
16-May-22,,,84.71%,,93.13%,,90.51%,,95.91%,,96.18%,,97.89%,,100.13%,,104.96%,,108.05%,,114.35%
17-May-22,,,84.70%,,93.12%,,90.52%,,95.92%,,96.18%,,97.90%,,100.14%,,104.97%,,108.08%,,114.41%
18-May-22,,,84.70%,,93.15%,,90.52%,,95.93%,,96.18%,,97.91%,,100.15%,,104.99%,,108.11%,,114.48%
19-May-22,,,84.69%,,93.18%,,90.52%,,95.93%,,96.19%,,97.91%,,100.16%,,105.01%,,108.14%,,114.55%
20-May-22,,,84.70%,,93.17%,,90.52%,,95.94%,,96.19%,,97.92%,,100.17%,,105.02%,,108.17%,,114.62%
21-May-22,,,84.72%,,93.15%,,90.52%,,95.95%,,96.20%,,97.93%,,100.18%,,105.04%,,108.21%,,114.70%
22-May-22,,,84.70%,,93.15%,,90.52%,,95.96%,,96.20%,,97.93%,,100.18%,,105.06%,,108.23%,,114.76%
23-May-22,,,84.66%,,93.15%,,90.52%,,95.96%,,96.20%,,97.93%,,100.19%,,105.07%,,108.26%,,114.83%
24-May-22,,,84.65%,,93.16%,,90.53%,,95.96%,,96.20%,,97.94%,,100.20%,,105.09%,,108.29%,,114.89%
25-May-22,,,84.64%,,93.19%,,90.53%,,95.97%,,96.21%,,97.95%,,100.21%,,105.11%,,108.31%,,114.97%
26-May-22,,,84.63%,,93.22%,,90.52%,,95.97%,,96.21%,,97.96%,,100.22%,,105.12%,,108.35%,,115.05%
27-May-22,,,84.64%,,93.21%,,90.52%,,95.98%,,96.22%,,97.96%,,100.23%,,105.14%,,108.38%,,115.11%
28-May-22,,,84.66%,,93.18%,,90.52%,,95.99%,,96.23%,,97.96%,,100.24%,,105.15%,,108.41%,,115.18%
29-May-22,,,84.66%,,93.18%,,90.52%,,95.99%,,96.23%,,97.96%,,100.24%,,105.15%,,108.41%,,115.18%
30-May-22,,,84.61%,,93.18%,,90.53%,,96.00%,,96.23%,,97.97%,,100.26%,,105.19%,,108.46%,,115.32%
31-May-22,,,84.59%,,93.19%,,90.54%,,96.00%,,96.24%,,97.98%,,100.27%,,105.20%,,108.49%,,115.38%
1-Jun-22,,,84.58%,,93.22%,,90.53%,,96.00%,,96.24%,,97.98%,,100.29%,,105.23%,,108.52%,,115.45%
2-Jun-22,,,84.57%,,93.25%,,90.52%,,96.01%,,96.25%,,97.99%,,100.30%,,105.24%,,108.55%,,115.51%
3-Jun-22,,,84.58%,,93.24%,,90.52%,,96.02%,,96.26%,,97.99%,,100.31%,,105.26%,,108.58%,,115.57%
4-Jun-22,,,84.59%,,93.22%,,90.52%,,96.02%,,96.27%,,97.99%,,100.31%,,105.28%,,108.61%,,115.65%
5-Jun-22,,,84.59%,,93.22%,,90.52%,,96.02%,,96.27%,,97.99%,,100.31%,,105.28%,,108.61%,,115.65%
6-Jun-22,,,84.53%,,93.21%,,90.52%,,96.04%,,96.26%,,98.00%,,100.33%,,105.31%,,108.67%,,115.79%
7-Jun-22,,,84.52%,,93.22%,,90.53%,,96.04%,,96.27%,,98.01%,,100.35%,,105.32%,,108.71%,,115.85%
8-Jun-22,,,84.50%,,93.26%,,90.53%,,96.04%,,96.27%,,98.01%,,100.36%,,105.33%,,108.73%,,115.93%
9-Jun-22,,,84.49%,,93.29%,,90.52%,,96.05%,,96.28%,,98.02%,,100.37%,,105.35%,,108.77%,,115.99%
10-Jun-22,,,84.51%,,93.29%,,90.52%,,96.05%,,96.28%,,98.02%,,100.38%,,105.37%,,108.80%,,116.06%
11-Jun-22,,,84.53%,,93.27%,,90.52%,,96.06%,,96.30%,,98.02%,,100.39%,,105.38%,,108.84%,,116.12%
12-Jun-22,,,84.52%,,93.25%,,90.52%,,96.07%,,96.30%,,98.02%,,100.40%,,105.40%,,108.86%,,116.19%
13-Jun-22,,,84.52%,,93.25%,,90.52%,,96.07%,,96.30%,,98.02%,,100.40%,,105.40%,,108.86%,,116.19%
14-Jun-22,,,84.46%,,93.25%,,90.52%,,96.07%,,96.30%,,98.02%,,100.40%,,105.40%,,108.86%,,116.19%
15-Jun-22,,,84.45%,,93.28%,,90.52%,,96.08%,,96.30%,,98.04%,,100.42%,,105.45%,,108.95%,,116.40%
16-Jun-22,,,84.44%,,93.31%,,90.51%,,96.09%,,96.30%,,98.05%,,100.43%,,105.46%,,108.98%,,116.46%
17-Jun-22,,,84.45%,,93.31%,,90.51%,,96.09%,,96.30%,,98.05%,,100.43%,,105.46%,,108.98%,,116.46%
18-Jun-22,,,84.47%,,93.28%,,90.51%,,96.10%,,96.32%,,98.05%,,100.45%,,105.50%,,109.05%,,116.60%
19-Jun-22,,,84.44%,,93.28%,,90.51%,,96.11%,,96.32%,,98.05%,,100.46%,,105.51%,,109.08%,,116.66%
20-Jun-22,,,84.44%,,93.28%,,90.51%,,96.11%,,96.32%,,98.05%,,100.46%,,105.51%,,109.08%,,116.66%
21-Jun-22,,,84.40%,,93.28%,,90.52%,,96.11%,,96.32%,,98.06%,,100.48%,,105.54%,,109.13%,,116.80%
22-Jun-22,,,84.38%,,93.31%,,90.52%,,96.11%,,96.33%,,98.07%,,100.50%,,105.56%,,109.16%,,116.87%
23-Jun-22,,,84.37%,,93.34%,,90.51%,,96.12%,,96.33%,,98.07%,,100.51%,,105.57%,,109.19%,,116.94%
24-Jun-22,,,84.38%,,93.33%,,90.51%,,96.12%,,96.34%,,98.08%,,100.51%,,105.59%,,109.21%,,117.01%
25-Jun-22,,,84.40%,,93.31%,,90.51%,,96.13%,,96.35%,,98.08%,,100.52%,,105.60%,,109.24%,,117.08%
26-Jun-22,,,84.37%,,93.30%,,90.51%,,96.14%,,96.35%,,98.09%,,100.53%,,105.62%,,109.27%,,117.14%
27-Jun-22,,,84.34%,,93.29%,,90.51%,,96.14%,,96.34%,,98.09%,,100.54%,,105.64%,,109.30%,,117.20%
28-Jun-22,,,84.34%,,93.28%,,90.52%,,96.14%,,96.35%,,98.10%,,100.55%,,105.65%,,109.33%,,117.26%
29-Jun-22,,,84.34%,,93.30%,,90.52%,,96.14%,,96.35%,,98.10%,,100.56%,,105.67%,,109.36%,,117.33%
30-Jun-22,,,84.33%,,93.33%,,90.51%,,96.15%,,96.36%,,98.11%,,100.57%,,105.68%,,109.39%,,117.40%
1-Jul-22,,,84.34%,,93.32%,,90.51%,,96.15%,,96.36%,,98.11%,,100.58%,,105.71%,,109.44%,,117.51%
2-Jul-22,,,84.35%,,93.30%,,90.51%,,96.16%,,96.37%,,98.12%,,100.58%,,105.72%,,109.48%,,117.58%
3-Jul-22,,,84.32%,,93.31%,,90.51%,,96.17%,,96.37%,,98.12%,,100.59%,,105.74%,,109.50%,,117.65%
4-Jul-22,,,84.32%,,93.31%,,90.51%,,96.17%,,96.37%,,98.12%,,100.59%,,105.74%,,109.50%,,117.65%
5-Jul-22,,,84.26%,,93.32%,,90.52%,,96.17%,,96.37%,,98.13%,,100.61%,,105.77%,,109.57%,,117.77%
6-Jul-22,,,84.25%,,93.36%,,90.51%,,96.18%,,96.37%,,98.13%,,100.63%,,105.78%,,109.60%,,117.83%
7-Jul-22,,,84.23%,,93.39%,,90.50%,,96.18%,,96.38%,,98.14%,,100.64%,,105.80%,,109.64%,,117.90%
8-Jul-22,,,84.24%,,93.38%,,90.50%,,96.19%,,96.39%,,98.14%,,100.65%,,105.82%,,109.66%,,117.97%
9-Jul-22,,,84.26%,,93.35%,,90.50%,,96.19%,,96.40%,,98.14%,,100.66%,,105.83%,,109.70%,,118.03%
10-Jul-22,,,84.23%,,93.36%,,90.50%,,96.20%,,96.40%,,98.14%,,100.67%,,105.85%,,109.73%,,118.10%
11-Jul-22,,,84.20%,,93.36%,,90.50%,,96.20%,,96.39%,,98.15%,,100.67%,,105.86%,,109.75%,,118.17%
12-Jul-22,,,84.18%,,93.37%,,90.50%,,96.20%,,96.40%,,98.15%,,100.69%,,105.88%,,109.78%,,118.24%
13-Jul-22,,,84.17%,,93.40%,,90.50%,,96.21%,,96.41%,,98.16%,,100.70%,,105.90%,,109.82%,,118.31%
14-Jul-22,,,84.16%,,93.44%,,90.49%,,96.21%,,96.41%,,98.17%,,100.72%,,105.92%,,109.85%,,118.37%
15-Jul-22,,,84.17%,,93.43%,,90.49%,,96.22%,,96.42%,,98.18%,,100.73%,,105.94%,,109.89%,,118.44%
16-Jul-22,,,84.19%,,93.41%,,90.49%,,96.23%,,96.43%,,98.18%,,100.74%,,105.96%,,109.92%,,118.52%
17-Jul-22,,,84.16%,,93.40%,,90.49%,,96.24%,,96.43%,,98.18%,,100.75%,,105.97%,,109.95%,,118.59%
18-Jul-22,,,84.13%,,93.41%,,90.49%,,96.24%,,96.43%,,98.19%,,100.76%,,105.98%,,109.97%,,118.65%
19-Jul-22,,,84.12%,,93.41%,,90.50%,,96.24%,,96.43%,,98.20%,,100.78%,,106.00%,,110.00%,,118.71%
20-Jul-22,,,84.11%,,93.44%,,90.49%,,96.25%,,96.43%,,98.21%,,100.79%,,106.02%,,110.03%,,118.79%
21-Jul-22,,,84.10%,,93.47%,,90.49%,,96.26%,,96.44%,,98.21%,,100.80%,,106.05%,,110.06%,,118.87%
22-Jul-22,,,84.11%,,93.46%,,90.49%,,96.27%,,96.45%,,98.22%,,100.82%,,106.06%,,110.10%,,118.93%
23-Jul-22,,,84.13%,,93.43%,,90.49%,,96.28%,,96.47%,,98.22%,,100.83%,,106.08%,,110.13%,,119.00%
24-Jul-22,,,84.09%,,93.43%,,90.49%,,96.29%,,96.46%,,98.23%,,100.84%,,106.10%,,110.15%,,119.07%
25-Jul-22,,,84.06%,,93.43%,,90.49%,,96.29%,,96.46%,,98.23%,,100.85%,,106.12%,,110.18%,,119.13%
26-Jul-22,,,84.06%,,93.43%,,90.49%,,96.29%,,96.46%,,98.23%,,100.85%,,106.12%,,110.18%,,119.13%
27-Jul-22,,,84.03%,,93.46%,,90.49%,,96.30%,,96.47%,,98.25%,,100.88%,,106.16%,,110.24%,,119.27%
28-Jul-22,,,84.02%,,93.49%,,90.48%,,96.31%,,96.48%,,98.25%,,100.89%,,106.17%,,110.27%,,119.35%
29-Jul-22,,,84.04%,,93.47%,,90.49%,,96.32%,,96.49%,,98.26%,,100.90%,,106.19%,,110.29%,,119.42%
30-Jul-22,,,84.05%,,93.45%,,90.49%,,96.32%,,96.50%,,98.26%,,100.92%,,106.21%,,110.32%,,119.50%
31-Jul-22,,,84.03%,,93.45%,,90.48%,,96.33%,,96.50%,,98.27%,,100.93%,,106.23%,,110.34%,,119.57%
1-Aug-22,,,83.99%,,93.45%,,90.48%,,96.34%,,96.50%,,98.27%,,100.94%,,106.25%,,110.37%,,119.64%
2-Aug-22,,,83.98%,,93.45%,,90.49%,,96.34%,,96.50%,,98.28%,,100.95%,,106.27%,,110.40%,,119.70%
3-Aug-22,,,83.97%,,93.48%,,90.49%,,96.34%,,96.51%,,98.28%,,100.96%,,106.29%,,110.43%,,119.77%
4-Aug-22,,,83.95%,,93.51%,,90.48%,,96.35%,,96.52%,,98.29%,,100.97%,,106.30%,,110.45%,,119.84%
5-Aug-22,,,83.97%,,93.49%,,90.48%,,96.36%,,96.53%,,98.30%,,100.98%,,106.32%,,110.49%,,119.91%
6-Aug-22,,,83.97%,,93.49%,,90.48%,,96.36%,,96.53%,,98.30%,,100.98%,,106.32%,,110.49%,,119.91%
7-Aug-22,,,83.97%,,93.49%,,90.48%,,96.36%,,96.53%,,98.30%,,100.98%,,106.32%,,110.49%,,119.91%
8-Aug-22,,,83.97%,,93.49%,,90.48%,,96.36%,,96.53%,,98.30%,,100.98%,,106.32%,,110.49%,,119.91%
9-Aug-22,,,83.91%,,93.47%,,90.48%,,96.38%,,96.54%,,98.31%,,101.02%,,106.39%,,110.60%,,120.20%
10-Aug-22,,,83.89%,,93.50%,,90.48%,,96.38%,,96.54%,,98.32%,,101.03%,,106.41%,,110.63%,,120.27%
11-Aug-22,,,83.88%,,93.53%,,90.47%,,96.39%,,96.55%,,98.33%,,101.04%,,106.43%,,110.66%,,120.35%
12-Aug-22,,,83.89%,,93.52%,,90.47%,,96.39%,,96.56%,,98.33%,,101.05%,,106.45%,,110.69%,,120.41%
13-Aug-22,,,83.89%,,93.52%,,90.47%,,96.39%,,96.56%,,98.33%,,101.05%,,106.45%,,110.69%,,120.41%
14-Aug-22,,,83.89%,,93.52%,,90.47%,,96.39%,,96.56%,,98.33%,,101.05%,,106.45%,,110.69%,,120.41%
15-Aug-22,,,83.82%,,93.50%,,90.46%,,96.41%,,96.57%,,98.33%,,101.07%,,106.50%,,110.78%,,120.64%
16-Aug-22,,,83.81%,,93.50%,,90.47%,,96.41%,,96.57%,,98.34%,,101.08%,,106.52%,,110.80%,,120.72%
17-Aug-22,,,83.80%,,93.53%,,90.47%,,96.41%,,96.58%,,98.34%,,101.09%,,106.53%,,110.83%,,120.78%
18-Aug-22,,,83.78%,,93.56%,,90.46%,,96.42%,,96.58%,,98.35%,,101.10%,,106.56%,,110.86%,,120.85%
19-Aug-22,,,83.80%,,93.54%,,90.46%,,96.42%,,96.59%,,98.35%,,101.11%,,106.58%,,110.89%,,120.92%
20-Aug-22,,,83.80%,,93.54%,,90.46%,,96.42%,,96.59%,,98.35%,,101.11%,,106.58%,,110.89%,,120.92%
21-Aug-22,,,83.80%,,93.54%,,90.46%,,96.42%,,96.59%,,98.35%,,101.11%,,106.58%,,110.89%,,120.92%
22-Aug-22,,,83.74%,,93.52%,,90.45%,,96.44%,,96.61%,,98.36%,,101.13%,,106.63%,,110.97%,,121.14%
23-Aug-22,,,83.74%,,93.52%,,90.46%,,96.44%,,96.61%,,98.36%,,101.14%,,106.65%,,111.00%,,121.20%
24-Aug-22,,,83.72%,,93.55%,,90.45%,,96.44%,,96.61%,,98.37%,,101.15%,,106.66%,,111.03%,,121.26%
25-Aug-22,,,83.71%,,93.58%,,90.45%,,96.44%,,96.62%,,98.38%,,101.16%,,106.68%,,111.06%,,121.32%
26-Aug-22,,,83.71%,,93.56%,,90.44%,,96.45%,,96.63%,,98.38%,,101.16%,,106.69%,,111.09%,,121.38%
27-Aug-22,,,83.71%,,93.56%,,90.44%,,96.45%,,96.63%,,98.38%,,101.16%,,106.69%,,111.09%,,121.38%
28-Aug-22,,,83.71%,,93.56%,,90.44%,,96.45%,,96.63%,,98.38%,,101.16%,,106.69%,,111.09%,,121.38%
29-Aug-22,,,83.66%,,93.53%,,90.44%,,96.46%,,96.64%,,98.39%,,101.18%,,106.75%,,111.16%,,121.59%
30-Aug-22,,,83.65%,,93.53%,,90.44%,,96.46%,,96.64%,,98.39%,,101.19%,,106.76%,,111.19%,,121.66%
31-Aug-22,,,83.63%,,93.56%,,90.44%,,96.46%,,96.65%,,98.39%,,101.20%,,106.78%,,111.21%,,121.72%
1-Sep-22,,,83.62%,,93.58%,,90.43%,,96.47%,,96.65%,,98.40%,,101.21%,,106.80%,,111.25%,,121.79%
2-Sep-22,,,83.63%,,93.56%,,90.43%,,96.47%,,96.66%,,98.40%,,101.22%,,106.82%,,111.27%,,121.86%
3-Sep-22,,,83.63%,,93.56%,,90.43%,,96.47%,,96.66%,,98.40%,,101.22%,,106.82%,,111.27%,,121.86%
4-Sep-22,,,83.63%,,93.56%,,90.43%,,96.47%,,96.66%,,98.40%,,101.22%,,106.82%,,111.27%,,121.86%
5-Sep-22,,,83.57%,,93.53%,,90.43%,,96.49%,,96.67%,,98.41%,,101.24%,,106.87%,,111.34%,,122.05%
6-Sep-22,,,83.55%,,93.54%,,90.43%,,96.48%,,96.67%,,98.41%,,101.24%,,106.89%,,111.37%,,122.11%
7-Sep-22,,,83.54%,,93.56%,,90.42%,,96.49%,,96.67%,,98.42%,,101.25%,,106.91%,,111.40%,,122.18%
8-Sep-22,,,83.52%,,93.59%,,90.42%,,96.49%,,96.68%,,98.42%,,101.26%,,106.93%,,111.43%,,122.25%
9-Sep-22,,,83.53%,,93.58%,,90.42%,,96.50%,,96.69%,,98.43%,,101.27%,,106.95%,,111.45%,,122.32%
16-Sep-22,,,83.41%,,93.62%,,90.41%,,96.52%,,96.71%,,98.45%,,101.32%,,107.05%,,111.63%,,122.75%
23-Sep-22,,,83.34%,,93.60%,,90.41%,,96.53%,,96.74%,,98.47%,,101.37%,,107.16%,,111.79%,,123.18%
30-Sep-22,,,83.20%,,93.64%,,90.37%,,96.56%,,96.77%,,98.49%,,101.43%,,107.31%,,112.01%,,123.74%
7-Oct-22,,,83.09%,,93.69%,,90.33%,,96.16%,,96.53%,,98.18%,,100.81%,,105.34%,,104.72%,,97.51%
14-Oct-22,,,82.99%,,93.70%,,90.30%,,96.18%,,96.56%,,98.19%,,100.84%,,105.44%,,104.78%,,97.44%
21-Oct-22,,,82.90%,,93.69%,,90.29%,,96.19%,,96.59%,,98.20%,,100.88%,,105.52%,,104.85%,,97.51%
28-Oct-22,,,82.81%,,93.68%,,90.26%,,96.21%,,96.62%,,98.21%,,100.92%,,105.61%,,104.90%,,97.56%
4-Nov-22,,,82.70%,,93.69%,,90.24%,,96.22%,,96.64%,,98.23%,,100.95%,,105.70%,,104.96%,,97.58%
11-Nov-22,,,82.61%,,93.70%,,90.22%,,96.24%,,96.67%,,98.24%,,100.99%,,105.79%,,105.01%,,97.59%
18-Nov-22,,,82.52%,,93.70%,,90.20%,,96.26%,,96.69%,,98.25%,,101.04%,,105.87%,,105.08%,,97.63%
25-Nov-22,,,82.40%,,93.71%,,90.19%,,96.27%,,96.71%,,98.27%,,101.08%,,105.96%,,105.15%,,97.65%
2-Dec-22,,,82.29%,,93.73%,,90.17%,,96.29%,,96.73%,,98.28%,,101.11%,,106.05%,,105.22%,,97.71%
9-Dec-22,,,82.20%,,93.72%,,90.14%,,96.29%,,96.74%,,98.29%,,101.15%,,106.14%,,105.28%,,97.77%
16-Dec-22,,,82.08%,,93.72%,,90.12%,,96.30%,,96.76%,,98.31%,,101.19%,,106.23%,,105.33%,,97.80%
23-Dec-22,,,81.99%,,93.70%,,90.11%,,96.31%,,96.78%,,98.32%,,101.23%,,106.31%,,105.40%,,97.79%
30-Dec-22,,,81.99%,,93.70%,,90.11%,,96.31%,,96.78%,,98.32%,,101.23%,,106.31%,,105.40%,,97.79%
6-Jan-23,,,81.76%,,93.67%,,90.02%,,96.31%,,96.82%,,98.37%,,101.34%,,106.51%,,105.61%,,98.19%
13-Jan-23,,,81.66%,,93.70%,,90.01%,,96.32%,,96.86%,,98.39%,,101.39%,,106.59%,,105.67%,,98.14%
20-Jan-23,,,81.54%,,93.73%,,89.98%,,96.34%,,96.89%,,98.40%,,101.44%,,106.67%,,105.74%,,98.17%
27-Jan-23,,,81.44%,,93.73%,,89.98%,,96.35%,,96.91%,,98.40%,,101.49%,,106.73%,,105.81%,,98.21%
